insert into Writer (id, email, name, phone_number, signed_at) values (101, 'moshirine0@ibm.com', 'djessel0', '1884153913', '2021-10-01');
insert into Writer (id, email, name, phone_number, signed_at) values (102, 'clartice1@omniture.com', 'wowlner1', '6591121552', '2022-05-06');
insert into Writer (id, email, name, phone_number, signed_at) values (103, 'rcornew2@yellowpages.com', 'sofallowne2', '3086580776', '2022-10-29');
insert into Writer (id, email, name, phone_number, signed_at) values (4, 'gamoss3@google.co.uk', 'sorrobin3', '3414941462', '2022-12-14');
insert into Writer (id, email, name, phone_number, signed_at) values (5, 'gtricker4@telegraph.co.uk', 'dcorbett4', '1752501881', '2022-11-30');
insert into Writer (id, email, name, phone_number, signed_at) values (6, 'mcure5@tumblr.com', 'smoulster5', '1702163286', '2022-12-14');
insert into Writer (id, email, name, phone_number, signed_at) values (7, 'aoffiler6@devhub.com', 'kberard6', '4234193607', '2022-05-20');
insert into Writer (id, email, name, phone_number, signed_at) values (8, 'rharmes7@senate.gov', 'astickells7', '8075356306', '2021-10-14');
insert into Writer (id, email, name, phone_number, signed_at) values (9, 'atownson8@timesonline.co.uk', 'bdodgshun8', '7525792856', '2022-12-05');
insert into Writer (id, email, name, phone_number, signed_at) values (10, 'pswanborough9@go.com', 'lpottle9', '9062238565', '2022-03-26');
insert into Writer (id, email, name, phone_number, signed_at) values (11, 'lrobichona@ed.gov', 'lexalla', '1471259349', '2022-08-10');
insert into Writer (id, email, name, phone_number, signed_at) values (12, 'lbenediteb@rambler.ru', 'bkilohb', '7562566414', '2022-07-16');
insert into Writer (id, email, name, phone_number, signed_at) values (13, 'kkitchinghamc@ezinearticles.com', 'dpearcec', '2552620799', '2021-10-19');
insert into Writer (id, email, name, phone_number, signed_at) values (14, 'rtoland@360.cn', 'dcereceresd', '7192381487', '2021-09-22');
insert into Writer (id, email, name, phone_number, signed_at) values (15, 'bmauntone@ebay.co.uk', 'ehellwige', '4737162273', '2021-08-13');
insert into Writer (id, email, name, phone_number, signed_at) values (16, 'icopellif@naver.com', 'reasdonf', '2561890868', '2021-12-31');
insert into Writer (id, email, name, phone_number, signed_at) values (17, 'nforang@odnoklassniki.ru', 'mswitlandg', '4132405873', '2022-07-29');
insert into Writer (id, email, name, phone_number, signed_at) values (18, 'phendrickxh@youtube.com', 'nsummerbellh', '8572695002', '2022-08-08');
insert into Writer (id, email, name, phone_number, signed_at) values (19, 'tjendrysi@diigo.com', 'aheapei', '5351834771', '2022-10-02');
insert into Writer (id, email, name, phone_number, signed_at) values (20, 'mspencelayhj@jiathis.com', 'cbeswetherickj', '5824040314', '2022-12-05');
insert into Writer (id, email, name, phone_number, signed_at) values (21, 'dceaserk@jiathis.com', 'bcorkank', '7605033458', '2021-10-18');
insert into Writer (id, email, name, phone_number, signed_at) values (22, 'dpougherl@loc.gov', 'dfontinl', '3817817080', '2022-04-30');
insert into Writer (id, email, name, phone_number, signed_at) values (23, 'dbowesm@topsy.com', 'jluciam', '7783816587', '2022-02-12');
insert into Writer (id, email, name, phone_number, signed_at) values (24, 'bbrickseyn@whitehouse.gov', 'xuttonn', '7163676187', '2022-03-17');
insert into Writer (id, email, name, phone_number, signed_at) values (25, 'kunthanko@cmu.edu', 'vgarvano', '8127302528', '2021-09-03');
insert into Writer (id, email, name, phone_number, signed_at) values (26, 'hbricketp@mozilla.org', 'adurnfordp', '7827546899', '2021-12-22');
insert into Writer (id, email, name, phone_number, signed_at) values (27, 'abeardshawq@harvard.edu', 'mjancyq', '2034910815', '2021-10-16');
insert into Writer (id, email, name, phone_number, signed_at) values (28, 'aabreheartr@aboutads.info', 'oeyesr', '3206541359', '2022-02-16');
insert into Writer (id, email, name, phone_number, signed_at) values (29, 'jcouldwells@independent.co.uk', 'mjovics', '8342218085', '2022-06-29');
insert into Writer (id, email, name, phone_number, signed_at) values (30, 'amessitert@linkedin.com', 'zwiltshawt', '8931149982', '2023-01-02');
insert into Writer (id, email, name, phone_number, signed_at) values (31, 'nhawthorneu@pinterest.com', 'pbotwrightu', '9311960207', '2022-03-27');
insert into Writer (id, email, name, phone_number, signed_at) values (32, 'kkohnekev@wikimedia.org', 'nelwillv', '4728953360', '2022-08-13');
insert into Writer (id, email, name, phone_number, signed_at) values (33, 'lbrideokew@jugem.jp', 'npreedyw', '4094617697', '2022-07-22');
insert into Writer (id, email, name, phone_number, signed_at) values (34, 'charfootx@biblegateway.com', 'aslyfordx', '9881258731', '2022-05-25');
insert into Writer (id, email, name, phone_number, signed_at) values (35, 'omadilly@hatena.ne.jp', 'fmilletty', '7525109939', '2022-09-25');
insert into Writer (id, email, name, phone_number, signed_at) values (36, 'gsucklingz@naver.com', 'afullerlovez', '1513523293', '2022-05-04');
insert into Writer (id, email, name, phone_number, signed_at) values (37, 'qjeandin10@angelfire.com', 'lkelby10', '7037753663', '2021-08-29');
insert into Writer (id, email, name, phone_number, signed_at) values (38, 'itainton11@msu.edu', 'wmacgibbon11', '8553288165', '2022-06-04');
insert into Writer (id, email, name, phone_number, signed_at) values (39, 'tcampbelldunlop12@histats.com', 'aeseler12', '6169425018', '2021-07-16');
insert into Writer (id, email, name, phone_number, signed_at) values (40, 'jlawlings13@unblog.fr', 'edollen13', '7186371906', '2022-12-01');
insert into Writer (id, email, name, phone_number, signed_at) values (41, 'zwebland14@alibaba.com', 'gkettleson14', '8483773103', '2021-07-21');
insert into Writer (id, email, name, phone_number, signed_at) values (42, 'waspinal15@goo.ne.jp', 'rnormanvill15', '9677707655', '2022-09-18');
insert into Writer (id, email, name, phone_number, signed_at) values (43, 'cmattam16@squarespace.com', 'mbartolic16', '6903925714', '2021-10-28');
insert into Writer (id, email, name, phone_number, signed_at) values (44, 'nslee17@github.io', 'efirbanks17', '5605051701', '2022-12-29');
insert into Writer (id, email, name, phone_number, signed_at) values (45, 'corowane18@scientificamerican.com', 'alydiard18', '2233869403', '2022-04-22');
insert into Writer (id, email, name, phone_number, signed_at) values (46, 'ttudor19@edublogs.org', 'waudus19', '4616553708', '2022-06-05');
insert into Writer (id, email, name, phone_number, signed_at) values (47, 'lpurse1a@smh.com.au', 'wkobiela1a', '7122154524', '2022-10-23');
insert into Writer (id, email, name, phone_number, signed_at) values (48, 'cgodbold1b@google.com', 'eyockley1b', '2514724398', '2022-02-23');
insert into Writer (id, email, name, phone_number, signed_at) values (49, 'dgeorger1c@bbb.org', 'vpaddeley1c', '3875701188', '2022-12-21');
insert into Writer (id, email, name, phone_number, signed_at) values (50, 'mbrockbank1d@senate.gov', 'agriffen1d', '3931210776', '2022-05-17');
insert into Writer (id, email, name, phone_number, signed_at) values (51, 'rpenylton1e@trellian.com', 'amiller1e', '1037737789', '2022-02-12');
insert into Writer (id, email, name, phone_number, signed_at) values (52, 'hwogan1f@google.es', 'aklaiser1f', '5176722907', '2021-12-17');
insert into Writer (id, email, name, phone_number, signed_at) values (53, 'relcocks1g@t-online.de', 'kemma1g', '2098860600', '2021-07-31');
insert into Writer (id, email, name, phone_number, signed_at) values (54, 'tpointing1h@reference.com', 'llongfut1h', '9442352713', '2021-11-13');
insert into Writer (id, email, name, phone_number, signed_at) values (55, 'squinby1i@comcast.net', 'rpetrosian1i', '9942363879', '2022-09-21');
insert into Writer (id, email, name, phone_number, signed_at) values (56, 'thankin1j@omniture.com', 'swybrow1j', '7382438164', '2022-12-03');
insert into Writer (id, email, name, phone_number, signed_at) values (57, 'lmattiazzo1k@cornell.edu', 'ipettifer1k', '3648941258', '2022-04-14');
insert into Writer (id, email, name, phone_number, signed_at) values (58, 'kgodley1l@utexas.edu', 'dboorne1l', '7174679472', '2022-01-29');
insert into Writer (id, email, name, phone_number, signed_at) values (59, 'pgunby1m@cyberchimps.com', 'hblandford1m', '8279935079', '2022-07-23');
insert into Writer (id, email, name, phone_number, signed_at) values (60, 'apantlin1n@narod.ru', 'avereker1n', '5548747946', '2021-08-20');
insert into Writer (id, email, name, phone_number, signed_at) values (61, 'mkoeppke1o@technorati.com', 'mversey1o', '4607421753', '2022-12-20');
insert into Writer (id, email, name, phone_number, signed_at) values (62, 'ksallows1p@webeden.co.uk', 'btapsell1p', '3897229562', '2021-07-31');
insert into Writer (id, email, name, phone_number, signed_at) values (63, 'vcamois1q@tripod.com', 'lkinkaid1q', '6604654010', '2021-07-02');
insert into Writer (id, email, name, phone_number, signed_at) values (64, 'smoncaster1r@lulu.com', 'dbolden1r', '2433679946', '2022-03-20');
insert into Writer (id, email, name, phone_number, signed_at) values (65, 'ijepensen1s@businesswire.com', 'mcartmale1s', '4087551768', '2022-06-06');
insert into Writer (id, email, name, phone_number, signed_at) values (66, 'tguterson1t@t-online.de', 'cronisch1t', '1114812811', '2021-12-13');
insert into Writer (id, email, name, phone_number, signed_at) values (67, 'sheadey1u@sina.com.cn', 'fmacrow1u', '8547557083', '2022-02-22');
insert into Writer (id, email, name, phone_number, signed_at) values (68, 'akoenraad1v@mapquest.com', 'pflight1v', '4997885089', '2021-12-07');
insert into Writer (id, email, name, phone_number, signed_at) values (69, 'kchardin1w@mtv.com', 'dwebburn1w', '1136380446', '2022-08-13');
insert into Writer (id, email, name, phone_number, signed_at) values (70, 'wspavon1x@biglobe.ne.jp', 'credsell1x', '6456848136', '2021-08-07');
insert into Writer (id, email, name, phone_number, signed_at) values (71, 'lshepherd1y@ed.gov', 'smaccrie1y', '7312716361', '2021-10-06');
insert into Writer (id, email, name, phone_number, signed_at) values (72, 'rboyda1z@vk.com', 'nmerrin1z', '3057485149', '2022-01-20');
insert into Writer (id, email, name, phone_number, signed_at) values (73, 'mdenington20@spiegel.de', 'agreneham20', '4537710304', '2022-08-30');
insert into Writer (id, email, name, phone_number, signed_at) values (74, 'ddobrovolny21@etsy.com', 'btheakston21', '2638642161', '2021-08-10');
insert into Writer (id, email, name, phone_number, signed_at) values (75, 'bnovik22@google.com.br', 'tkilbride22', '8455974723', '2021-08-09');
insert into Writer (id, email, name, phone_number, signed_at) values (76, 'hburman23@ucoz.com', 'blangran23', '8115660997', '2022-04-22');
insert into Writer (id, email, name, phone_number, signed_at) values (77, 'dodee24@wikipedia.org', 'tgosnay24', '9253813001', '2021-07-19');
insert into Writer (id, email, name, phone_number, signed_at) values (78, 'clangdon25@addthis.com', 'hbrownfield25', '7489911143', '2021-08-26');
insert into Writer (id, email, name, phone_number, signed_at) values (79, 'vkendrick26@wix.com', 'dtingley26', '8753743173', '2022-09-22');
insert into Writer (id, email, name, phone_number, signed_at) values (80, 'rharber27@miibeian.gov.cn', 'cpumphrey27', '9787773090', '2021-06-21');
insert into Writer (id, email, name, phone_number, signed_at) values (81, 'mlabrow28@epa.gov', 'hpeirazzi28', '3826645705', '2022-12-01');
insert into Writer (id, email, name, phone_number, signed_at) values (82, 'vjirieck29@businessinsider.com', 'ebeernaert29', '1971495630', '2021-09-17');
insert into Writer (id, email, name, phone_number, signed_at) values (83, 'achin2a@howstuffworks.com', 'ksabban2a', '9414017929', '2021-10-19');
insert into Writer (id, email, name, phone_number, signed_at) values (84, 'fwakefield2b@ft.com', 'dhassewell2b', '1789629478', '2023-01-09');
insert into Writer (id, email, name, phone_number, signed_at) values (85, 'aconnolly2c@meetup.com', 'ccaslett2c', '2022701755', '2021-12-23');
insert into Writer (id, email, name, phone_number, signed_at) values (86, 'gdysert2d@google.es', 'cmager2d', '5553224962', '2021-11-02');
insert into Writer (id, email, name, phone_number, signed_at) values (87, 'dhoyt2e@ucoz.ru', 'travenscroftt2e', '3705443748', '2022-04-12');
insert into Writer (id, email, name, phone_number, signed_at) values (88, 'sgiddings2f@cisco.com', 'iblakemore2f', '5787905110', '2022-08-05');
insert into Writer (id, email, name, phone_number, signed_at) values (89, 'ltweed2g@blogspot.com', 'ascawton2g', '7922377530', '2022-09-14');
insert into Writer (id, email, name, phone_number, signed_at) values (90, 'cmartlew2h@washingtonpost.com', 'ralexsandrov2h', '7562507110', '2022-05-24');
insert into Writer (id, email, name, phone_number, signed_at) values (91, 'rjerams2i@imageshack.us', 'jheller2i', '3357811365', '2022-04-19');
insert into Writer (id, email, name, phone_number, signed_at) values (92, 'elunbech2j@hao123.com', 'genderle2j', '9883642139', '2021-10-14');
insert into Writer (id, email, name, phone_number, signed_at) values (93, 'shenrych2k@arstechnica.com', 'stregenza2k', '9705700273', '2022-11-09');
insert into Writer (id, email, name, phone_number, signed_at) values (94, 'cstott2l@newsvine.com', 'lwhimper2l', '7715674973', '2021-10-12');
insert into Writer (id, email, name, phone_number, signed_at) values (95, 'pchisholm2m@qq.com', 'bhastelow2m', '6409146957', '2022-12-29');
insert into Writer (id, email, name, phone_number, signed_at) values (96, 'aneames2n@uiuc.edu', 'mbroy2n', '5203511960', '2022-02-12');
insert into Writer (id, email, name, phone_number, signed_at) values (97, 'yolivia2o@paypal.com', 'etomicki2o', '3754694461', '2021-11-21');
insert into Writer (id, email, name, phone_number, signed_at) values (98, 'utapson2p@1und1.de', 'lgatteridge2p', '6032963838', '2021-11-21');
insert into Writer (id, email, name, phone_number, signed_at) values (99, 'gmoorrud2q@technorati.com', 'plightowlers2q', '6278043975', '2022-03-11');
insert into Writer (id, email, name, phone_number, signed_at) values (100, 'bparrott2r@youtu.be', 'rfrissell2r', '9192051988', '2022-06-30');





insert into Article (id, title, content, hashtag, writer_id, created_at, updated_at) values (101, 'cras mi pede', 'tincidunt eu felis fusce posuere felis sed lacus morbi sem mauris laoreet ut rhoncus aliquet pulvinar sed nisl nunc rhoncus dui vel sem sed sagittis nam congue risus semper porta volutpat quam pede lobortis ligula sit amet eleifend pede libero quis orci nullam molestie nibh in lectus pellentesque at nulla suspendisse potenti cras in', 'vel sem sed sagittis nam congue risus semper porta volutpat quam pede lobortis ligula sit amet', 100, '2021-08-14', '2020-04-08');
insert into Article (id, title, content, hashtag, writer_id, created_at, updated_at) values (102, 'venenatis tristique fusce congue diam id ornare imperdiet sapien urna pretium nisl ut volutpat sapien arcu sed augue', 'praesent blandit lacinia erat vestibulum sed magna at nunc commodo placerat praesent blandit nam nulla integer pede justo lacinia eget tincidunt eget tempus vel pede morbi porttitor lorem id ligula suspendisse ornare consequat lectus in est risus auctor sed tristique in tempus sit amet sem fusce consequat nulla nisl nunc nisl duis bibendum', 'rutrum neque aenean auctor gravida sem praesent id massa id nisl venenatis lacinia aenean', 102, '2022-05-19', '2022-11-01');
insert into Article (id, title, content, hashtag, writer_id, created_at, updated_at) values (103, 'magna bibendum imperdiet nullam orci pede venenatis non', 'erat fermentum justo nec condimentum neque sapien placerat ante nulla justo aliquam quis turpis eget elit sodales scelerisque mauris sit amet eros suspendisse accumsan tortor quis turpis sed ante vivamus tortor duis mattis egestas metus aenean fermentum donec ut mauris eget massa tempor convallis nulla neque libero convallis eget eleifend luctus ultricies', 'augue aliquam erat volutpat in congue etiam justo etiam pretium iaculis justo', 103, '2020-03-14', '2021-10-17');
insert into Article (id, title, content, hashtag, writer_id, created_at, updated_at) values (4, 'amet', 'dis parturient montes nascetur ridiculus mus vivamus vestibulum sagittis sapien cum sociis natoque penatibus et magnis dis parturient montes nascetur ridiculus mus etiam vel augue vestibulum rutrum rutrum neque aenean auctor gravida sem praesent id massa id nisl venenatis lacinia aenean sit amet justo morbi ut odio cras mi pede malesuada in imperdiet et commodo vulputate justo in blandit ultrices enim lorem ipsum dolor sit amet consectetuer adipiscing elit proin interdum mauris non ligula pellentesque ultrices phasellus id sapien in sapien iaculis congue vivamus metus arcu adipiscing molestie hendrerit at vulputate vitae nisl', 'at nunc commodo placerat praesent blandit nam', 4, '2019-12-07', '2021-07-09');
insert into Article (id, title, content, hashtag, writer_id, created_at, updated_at) values (5, 'ac enim in tempor turpis nec euismod scelerisque quam', 'lectus pellentesque eget nunc donec quis orci eget orci vehicula condimentum curabitur in libero ut massa volutpat convallis morbi odio odio elementum eu interdum eu tincidunt in leo maecenas pulvinar lobortis est phasellus sit amet erat nulla tempus vivamus in felis eu sapien cursus vestibulum proin eu mi nulla ac enim in tempor turpis nec euismod scelerisque quam turpis adipiscing lorem vitae mattis nibh ligula nec sem duis aliquam convallis nunc proin at turpis a pede posuere nonummy integer non velit donec diam neque vestibulum eget vulputate ut ultrices vel augue vestibulum ante ipsum primis in faucibus orci', 'nibh in quis justo maecenas rhoncus aliquam lacus', 5, '2020-04-13', '2022-12-31');
insert into Article (id, title, content, hashtag, writer_id, created_at, updated_at) values (6, 'in est risus auctor sed tristique in tempus sit amet sem', 'lorem integer tincidunt ante vel ipsum praesent blandit lacinia erat vestibulum sed magna at nunc commodo placerat praesent blandit nam nulla integer pede justo lacinia eget tincidunt eget tempus vel pede morbi porttitor lorem id ligula suspendisse ornare consequat lectus in est risus auctor sed tristique in tempus sit amet sem fusce consequat nulla nisl nunc nisl duis bibendum felis sed interdum venenatis turpis enim blandit mi in porttitor pede justo eu massa donec dapibus duis at velit eu est congue elementum in hac habitasse platea dictumst morbi vestibulum velit id pretium iaculis diam erat fermentum justo nec condimentum neque sapien', 'id ornare imperdiet sapien urna', 6, '2022-08-14', '2021-04-07');
insert into Article (id, title, content, hashtag, writer_id, created_at, updated_at) values (7, 'consequat morbi a ipsum integer a nibh in quis justo maecenas rhoncus aliquam lacus morbi quis', 'quam pede lobortis ligula sit amet eleifend pede libero quis orci nullam molestie nibh in lectus pellentesque at nulla suspendisse potenti cras in purus eu magna vulputate luctus cum sociis natoque penatibus et magnis dis parturient montes nascetur ridiculus mus vivamus vestibulum sagittis sapien cum sociis natoque penatibus et magnis dis parturient montes nascetur ridiculus mus etiam vel augue vestibulum rutrum rutrum neque aenean auctor gravida sem praesent id massa id nisl venenatis lacinia aenean sit amet justo morbi ut odio cras mi pede', 'consequat in consequat ut nulla sed accumsan felis ut at dolor quis odio consequat varius integer ac', 7, '2021-03-31', '2020-07-13');
insert into Article (id, title, content, hashtag, writer_id, created_at, updated_at) values (8, 'ut tellus nulla ut erat id', 'elementum in hac habitasse platea', 'curabitur at ipsum ac tellus semper interdum mauris ullamcorper purus sit amet nulla quisque arcu', 8, '2022-08-04', '2021-05-05');
insert into Article (id, title, content, hashtag, writer_id, created_at, updated_at) values (9, 'quisque id justo sit amet', 'curabitur gravida nisi at nibh in hac habitasse platea dictumst aliquam augue quam sollicitudin vitae consectetuer eget rutrum at lorem integer tincidunt ante vel ipsum praesent blandit lacinia erat vestibulum sed magna at nunc commodo placerat praesent blandit nam nulla integer pede justo lacinia eget tincidunt eget tempus vel pede morbi porttitor lorem id ligula suspendisse ornare consequat lectus in est risus auctor sed tristique in tempus sit amet sem fusce consequat nulla nisl nunc nisl duis bibendum felis sed interdum venenatis turpis enim blandit mi in porttitor pede justo eu massa donec dapibus duis at', 'lacinia', 9, '2021-02-14', '2022-06-15');
insert into Article (id, title, content, hashtag, writer_id, created_at, updated_at) values (10, 'mi', 'massa volutpat convallis morbi odio odio elementum eu interdum eu tincidunt in leo maecenas pulvinar lobortis est phasellus sit amet erat nulla tempus vivamus in felis eu sapien cursus vestibulum proin eu mi nulla ac enim in tempor turpis nec euismod scelerisque quam turpis adipiscing lorem vitae mattis nibh ligula', 'non interdum in ante', 10, '2020-10-23', '2022-09-21');
insert into Article (id, title, content, hashtag, writer_id, created_at, updated_at) values (11, 'ultrices mattis odio', 'consequat nulla nisl nunc nisl duis bibendum felis sed interdum venenatis turpis enim blandit mi in', 'quis', 11, '2020-11-18', '2022-09-02');
insert into Article (id, title, content, hashtag, writer_id, created_at, updated_at) values (12, 'erat id mauris vulputate elementum nullam varius nulla facilisi cras non velit nec nisi vulputate nonummy maecenas tincidunt', 'ut mauris eget massa tempor convallis nulla neque libero convallis eget eleifend luctus ultricies eu nibh quisque id justo sit amet sapien dignissim vestibulum vestibulum ante ipsum primis in faucibus orci luctus et ultrices posuere cubilia curae nulla dapibus dolor vel est donec odio justo sollicitudin ut suscipit a feugiat et eros vestibulum ac est lacinia nisi venenatis tristique fusce congue diam id ornare imperdiet sapien urna pretium nisl ut volutpat sapien arcu', 'donec ut mauris eget massa tempor convallis nulla neque libero convallis eget', 12, '2022-09-16', '2022-06-05');
insert into Article (id, title, content, hashtag, writer_id, created_at, updated_at) values (13, 'erat id mauris vulputate elementum nullam varius nulla', 'aliquet ultrices erat tortor sollicitudin mi sit amet lobortis sapien sapien non mi integer ac neque duis bibendum morbi non quam nec dui luctus rutrum nulla tellus in sagittis dui vel nisl duis ac nibh', 'congue eget semper rutrum nulla nunc purus phasellus in felis donec semper sapien a libero nam', 13, '2021-08-02', '2022-12-22');
insert into Article (id, title, content, hashtag, writer_id, created_at, updated_at) values (14, 'vel enim sit amet nunc viverra dapibus', 'est lacinia nisi venenatis tristique fusce congue diam id ornare imperdiet sapien urna pretium nisl ut volutpat sapien arcu sed augue aliquam erat volutpat in congue etiam justo etiam pretium iaculis justo in hac habitasse platea dictumst etiam faucibus cursus urna ut tellus nulla ut erat id mauris vulputate elementum nullam varius nulla facilisi cras non velit nec nisi vulputate nonummy maecenas tincidunt lacus at velit vivamus vel nulla eget eros elementum pellentesque quisque porta volutpat erat quisque erat eros viverra eget congue eget semper rutrum nulla nunc purus phasellus in felis donec semper sapien a libero nam dui proin leo odio porttitor id consequat in consequat ut nulla sed accumsan felis ut', 'vitae nisl aenean lectus pellentesque eget nunc donec quis orci eget orci vehicula condimentum curabitur in libero ut massa volutpat', 14, '2022-07-03', '2020-07-18');
insert into Article (id, title, content, hashtag, writer_id, created_at, updated_at) values (15, 'nisi vulputate', 'orci luctus et ultrices posuere', 'ligula sit amet eleifend pede libero quis orci nullam molestie nibh', 15, '2019-12-10', '2021-05-03');
insert into Article (id, title, content, hashtag, writer_id, created_at, updated_at) values (16, 'gravida nisi at nibh in hac habitasse platea dictumst aliquam augue quam sollicitudin vitae consectetuer eget rutrum at lorem', 'sed nisl nunc rhoncus dui vel sem sed sagittis nam congue risus semper porta volutpat quam pede lobortis ligula sit amet eleifend pede libero quis orci nullam molestie nibh in lectus pellentesque at nulla suspendisse potenti cras in purus eu magna vulputate', 'luctus et ultrices posuere cubilia curae', 16, '2022-10-01', '2020-03-22');
insert into Article (id, title, content, hashtag, writer_id, created_at, updated_at) values (17, 'sit amet sem fusce consequat nulla nisl nunc nisl duis', 'eu magna vulputate luctus cum sociis natoque penatibus et magnis dis parturient montes nascetur ridiculus mus vivamus vestibulum sagittis sapien cum sociis natoque penatibus et magnis dis parturient montes nascetur ridiculus mus etiam vel augue vestibulum rutrum rutrum neque aenean auctor gravida sem praesent id massa id nisl venenatis lacinia aenean sit amet justo morbi ut odio cras mi pede malesuada in imperdiet et commodo vulputate justo in blandit ultrices enim lorem ipsum dolor sit amet consectetuer adipiscing elit proin interdum mauris non ligula pellentesque ultrices phasellus id sapien in sapien iaculis congue', 'lectus in quam fringilla rhoncus mauris enim', 17, '2021-10-01', '2020-04-20');
insert into Article (id, title, content, hashtag, writer_id, created_at, updated_at) values (18, 'lobortis sapien sapien non mi integer ac neque duis bibendum morbi non quam nec dui luctus', 'tortor sollicitudin mi sit amet lobortis sapien sapien non mi integer ac neque duis bibendum morbi non quam nec dui luctus rutrum nulla', 'lacus morbi', 18, '2021-02-11', '2020-01-20');
insert into Article (id, title, content, hashtag, writer_id, created_at, updated_at) values (19, 'in sagittis dui vel nisl duis ac nibh fusce lacus purus aliquet at feugiat non', 'eu orci mauris lacinia sapien quis libero nullam sit amet turpis elementum ligula vehicula consequat morbi a ipsum integer a nibh in quis justo maecenas rhoncus aliquam lacus morbi quis tortor id nulla ultrices aliquet maecenas leo odio condimentum id luctus nec molestie sed justo pellentesque viverra pede ac diam cras pellentesque volutpat dui maecenas tristique est et tempus semper est quam pharetra magna ac consequat metus sapien ut nunc vestibulum ante ipsum primis in faucibus orci luctus et ultrices posuere cubilia curae mauris viverra diam vitae quam suspendisse potenti nullam porttitor', 'vel sem sed sagittis nam congue risus semper porta volutpat quam pede lobortis ligula sit amet', 19, '2021-01-09', '2019-12-24');
insert into Article (id, title, content, hashtag, writer_id, created_at, updated_at) values (20, 'platea dictumst morbi vestibulum velit', 'sagittis sapien cum sociis natoque penatibus et magnis dis parturient montes nascetur ridiculus mus etiam vel augue vestibulum rutrum rutrum neque aenean auctor gravida sem praesent id massa id nisl venenatis lacinia aenean sit amet justo morbi ut odio cras mi pede malesuada in imperdiet et commodo vulputate justo in blandit ultrices enim lorem ipsum dolor sit amet consectetuer adipiscing elit proin interdum mauris non ligula pellentesque ultrices phasellus id sapien in sapien iaculis congue vivamus metus', 'et ultrices posuere cubilia curae donec pharetra magna vestibulum aliquet ultrices erat tortor sollicitudin mi sit amet lobortis sapien sapien', 20, '2020-09-17', '2021-05-18');
insert into Article (id, title, content, hashtag, writer_id, created_at, updated_at) values (21, 'fusce consequat nulla nisl nunc nisl duis bibendum felis sed', 'mus vivamus vestibulum sagittis sapien cum sociis natoque penatibus et magnis dis parturient montes nascetur ridiculus mus etiam vel augue vestibulum rutrum rutrum neque aenean auctor gravida sem praesent id massa id nisl venenatis lacinia aenean sit amet justo morbi ut odio cras mi pede malesuada in imperdiet et commodo vulputate justo in blandit ultrices enim lorem ipsum dolor sit amet consectetuer adipiscing elit proin interdum mauris non ligula pellentesque ultrices phasellus id sapien in sapien iaculis congue vivamus metus arcu adipiscing molestie hendrerit at vulputate vitae nisl aenean lectus pellentesque eget nunc donec quis orci eget orci vehicula condimentum curabitur in libero ut massa volutpat convallis morbi odio odio elementum eu interdum eu tincidunt in leo maecenas pulvinar', 'nec condimentum neque sapien placerat ante nulla justo aliquam quis turpis eget elit sodales scelerisque mauris', 21, '2021-10-24', '2022-08-20');
insert into Article (id, title, content, hashtag, writer_id, created_at, updated_at) values (22, 'lacus morbi sem mauris laoreet ut rhoncus aliquet pulvinar sed nisl nunc', 'venenatis turpis enim blandit mi in porttitor pede justo eu massa donec dapibus duis at velit eu est congue elementum in hac habitasse platea dictumst morbi vestibulum velit id pretium iaculis diam erat fermentum justo nec condimentum neque sapien placerat ante nulla justo aliquam quis turpis eget elit sodales scelerisque mauris sit amet eros suspendisse accumsan tortor quis turpis sed ante vivamus tortor duis mattis egestas metus aenean fermentum donec ut', 'consequat nulla nisl nunc nisl duis bibendum felis sed', 22, '2022-06-12', '2021-03-09');
insert into Article (id, title, content, hashtag, writer_id, created_at, updated_at) values (23, 'potenti nullam porttitor lacus at turpis donec posuere', 'sapien cursus vestibulum proin eu mi nulla ac enim in tempor turpis nec euismod scelerisque quam turpis adipiscing lorem vitae mattis nibh ligula nec sem duis aliquam convallis nunc', 'massa quis augue luctus tincidunt', 23, '2020-11-07', '2021-10-19');
insert into Article (id, title, content, hashtag, writer_id, created_at, updated_at) values (24, 'placerat ante nulla justo aliquam quis turpis eget elit sodales scelerisque mauris sit amet eros suspendisse', 'amet lobortis sapien sapien non mi integer ac neque duis bibendum morbi non quam nec dui luctus rutrum nulla tellus in sagittis dui vel nisl', 'duis consequat dui nec nisi volutpat eleifend donec ut dolor morbi vel', 24, '2022-06-09', '2020-05-18');
insert into Article (id, title, content, hashtag, writer_id, created_at, updated_at) values (25, 'mauris lacinia sapien quis libero nullam sit amet turpis elementum ligula', 'quis lectus suspendisse potenti in eleifend quam a odio in hac habitasse platea dictumst maecenas ut massa quis augue luctus tincidunt nulla mollis molestie lorem quisque ut erat curabitur gravida nisi at nibh in hac habitasse platea dictumst aliquam augue quam sollicitudin vitae consectetuer eget rutrum at lorem integer tincidunt ante vel ipsum praesent blandit lacinia erat vestibulum sed magna at nunc commodo placerat praesent blandit nam nulla integer pede justo lacinia eget tincidunt eget tempus vel pede morbi porttitor lorem id ligula suspendisse ornare consequat lectus in est risus auctor sed tristique in tempus sit amet sem fusce consequat nulla', 'ultrices phasellus id sapien in sapien iaculis congue vivamus metus arcu', 25, '2020-04-28', '2020-02-16');
insert into Article (id, title, content, hashtag, writer_id, created_at, updated_at) values (26, 'ut ultrices', 'cursus vestibulum proin eu mi nulla ac enim in tempor turpis nec euismod scelerisque quam turpis adipiscing lorem vitae mattis nibh ligula nec sem duis aliquam convallis nunc proin at turpis a pede posuere nonummy integer non velit donec diam neque vestibulum eget vulputate ut ultrices vel augue vestibulum ante ipsum primis in faucibus orci luctus et ultrices posuere cubilia curae donec pharetra magna vestibulum aliquet ultrices erat tortor sollicitudin mi sit amet lobortis sapien sapien non mi integer ac neque duis bibendum morbi non quam nec dui luctus', 'nec sem duis aliquam convallis nunc proin at turpis a', 26, '2020-12-06', '2022-10-14');
insert into Article (id, title, content, hashtag, writer_id, created_at, updated_at) values (27, 'orci pede venenatis non', 'varius ut blandit non interdum in ante vestibulum ante ipsum primis in', 'pellentesque eget nunc donec quis orci eget orci', 27, '2020-03-19', '2021-08-23');
insert into Article (id, title, content, hashtag, writer_id, created_at, updated_at) values (28, 'in congue etiam justo etiam pretium iaculis justo in', 'libero convallis eget eleifend luctus ultricies eu nibh quisque id justo sit amet sapien dignissim vestibulum vestibulum ante ipsum primis in faucibus orci luctus et ultrices posuere cubilia curae nulla dapibus dolor vel est donec odio justo sollicitudin ut suscipit a', 'lacus curabitur at ipsum', 28, '2020-02-10', '2021-01-27');
insert into Article (id, title, content, hashtag, writer_id, created_at, updated_at) values (29, 'lacinia eget tincidunt eget tempus vel pede morbi porttitor lorem id', 'luctus tincidunt nulla mollis molestie lorem quisque ut erat curabitur gravida nisi at nibh in hac habitasse platea dictumst aliquam augue quam sollicitudin vitae consectetuer eget rutrum at lorem integer tincidunt ante vel ipsum praesent blandit lacinia erat vestibulum sed magna at nunc commodo placerat praesent blandit nam nulla integer pede justo lacinia eget tincidunt eget tempus vel pede morbi porttitor lorem id ligula suspendisse ornare consequat lectus in est risus auctor sed tristique in tempus sit amet sem fusce consequat nulla nisl nunc nisl duis bibendum felis sed interdum venenatis turpis enim blandit mi in porttitor pede justo eu massa donec dapibus duis at velit eu est', 'pellentesque volutpat dui maecenas tristique est et tempus semper est quam pharetra magna ac consequat metus sapien', 29, '2022-07-17', '2022-12-11');
insert into Article (id, title, content, hashtag, writer_id, created_at, updated_at) values (30, 'duis ac nibh fusce lacus purus aliquet at feugiat non', 'eleifend donec ut dolor morbi vel lectus in quam fringilla rhoncus mauris enim leo rhoncus sed vestibulum sit amet cursus id turpis integer aliquet massa id lobortis convallis tortor risus dapibus augue vel accumsan tellus nisi eu orci mauris lacinia sapien quis libero nullam sit amet turpis elementum ligula vehicula consequat morbi a ipsum integer a nibh in quis justo maecenas rhoncus aliquam lacus morbi quis tortor id nulla ultrices aliquet maecenas leo odio condimentum id luctus nec molestie sed justo pellentesque viverra pede ac diam cras pellentesque volutpat dui maecenas tristique est et tempus semper est quam pharetra magna ac consequat metus sapien ut nunc', 'interdum venenatis turpis enim blandit mi in porttitor pede justo eu massa donec dapibus duis at velit', 30, '2021-12-18', '2020-09-30');
insert into Article (id, title, content, hashtag, writer_id, created_at, updated_at) values (31, 'ante ipsum primis in faucibus orci luctus et ultrices posuere cubilia curae mauris viverra diam vitae quam', 'blandit non interdum in ante vestibulum ante ipsum primis in faucibus orci luctus et ultrices posuere cubilia curae duis faucibus accumsan odio curabitur', 'curabitur convallis', 31, '2020-07-05', '2021-04-07');
insert into Article (id, title, content, hashtag, writer_id, created_at, updated_at) values (32, 'maecenas ut massa', 'nibh in quis justo maecenas rhoncus aliquam lacus morbi quis tortor id nulla ultrices aliquet maecenas leo odio condimentum id luctus nec molestie sed justo pellentesque viverra pede ac diam cras pellentesque volutpat dui maecenas tristique est et tempus semper est quam pharetra magna ac consequat metus sapien ut nunc vestibulum ante ipsum primis in faucibus orci luctus et ultrices posuere', 'sapien sapien non mi integer ac neque duis bibendum morbi non quam nec dui luctus rutrum nulla', 32, '2023-01-14', '2022-02-08');
insert into Article (id, title, content, hashtag, writer_id, created_at, updated_at) values (33, 'nisi eu orci mauris lacinia sapien quis libero nullam sit amet turpis elementum ligula vehicula consequat morbi a ipsum', 'ultrices posuere cubilia curae donec pharetra magna vestibulum aliquet ultrices erat tortor sollicitudin mi sit amet lobortis sapien sapien non mi integer ac neque duis bibendum morbi non quam nec dui luctus rutrum nulla tellus in sagittis dui vel nisl duis ac nibh fusce lacus purus aliquet at feugiat non pretium quis lectus suspendisse potenti in eleifend quam a odio in hac habitasse platea dictumst maecenas ut massa quis augue luctus tincidunt nulla mollis molestie lorem quisque ut erat curabitur gravida nisi at nibh in hac habitasse platea dictumst aliquam augue quam sollicitudin', 'vulputate elementum nullam varius nulla facilisi cras non velit nec nisi vulputate nonummy maecenas tincidunt lacus at', 33, '2019-12-15', '2020-11-22');
insert into Article (id, title, content, hashtag, writer_id, created_at, updated_at) values (34, 'diam id ornare imperdiet sapien urna pretium nisl ut volutpat sapien arcu sed augue', 'sociis natoque penatibus et magnis dis parturient montes nascetur ridiculus mus etiam vel augue vestibulum rutrum rutrum neque aenean', 'a ipsum integer a nibh in quis justo maecenas rhoncus aliquam lacus morbi quis tortor id nulla ultrices aliquet', 34, '2021-03-27', '2022-06-15');
insert into Article (id, title, content, hashtag, writer_id, created_at, updated_at) values (35, 'tempor convallis nulla neque libero convallis eget eleifend luctus ultricies eu nibh quisque id justo sit', 'duis consequat dui nec nisi volutpat eleifend donec ut dolor morbi vel lectus in quam fringilla rhoncus mauris enim leo rhoncus sed vestibulum sit amet cursus id turpis integer aliquet massa id lobortis convallis tortor risus dapibus augue vel accumsan tellus nisi eu orci mauris lacinia sapien quis libero nullam sit amet turpis elementum ligula vehicula consequat morbi a ipsum integer a', 'laoreet ut rhoncus aliquet pulvinar sed nisl nunc rhoncus dui vel sem sed sagittis nam congue risus semper porta volutpat', 35, '2022-11-16', '2021-11-21');
insert into Article (id, title, content, hashtag, writer_id, created_at, updated_at) values (36, 'vulputate luctus cum sociis natoque penatibus et magnis dis', 'non mauris morbi non lectus aliquam sit amet diam in magna bibendum imperdiet nullam orci pede venenatis non sodales sed tincidunt eu felis fusce posuere felis sed lacus morbi sem mauris laoreet ut rhoncus aliquet pulvinar sed nisl nunc rhoncus dui vel sem sed sagittis nam congue risus semper porta volutpat quam pede lobortis ligula sit amet eleifend pede libero quis orci nullam', 'ut nulla sed accumsan felis ut at dolor quis odio consequat varius integer ac', 36, '2022-11-09', '2020-08-15');
insert into Article (id, title, content, hashtag, writer_id, created_at, updated_at) values (37, 'etiam faucibus cursus urna ut tellus nulla ut erat id mauris vulputate', 'id luctus nec molestie sed justo pellentesque viverra pede ac diam cras pellentesque volutpat dui maecenas tristique est et tempus semper est quam pharetra magna ac consequat metus sapien ut nunc vestibulum ante ipsum primis in faucibus orci luctus et ultrices posuere cubilia curae mauris viverra diam vitae quam suspendisse potenti nullam porttitor lacus at turpis donec posuere metus vitae ipsum aliquam non mauris morbi non lectus aliquam sit amet diam in magna bibendum imperdiet nullam orci pede venenatis non sodales sed tincidunt eu felis fusce posuere felis sed lacus morbi sem mauris laoreet ut rhoncus aliquet pulvinar sed nisl nunc rhoncus dui vel sem sed sagittis nam congue risus semper porta volutpat quam pede lobortis ligula sit amet', 'nulla ac enim in tempor turpis nec euismod scelerisque', 37, '2020-01-10', '2022-09-02');
insert into Article (id, title, content, hashtag, writer_id, created_at, updated_at) values (38, 'quam pharetra magna ac consequat metus sapien ut', 'luctus et ultrices posuere cubilia curae mauris viverra diam vitae quam suspendisse potenti nullam porttitor lacus at turpis donec posuere metus vitae ipsum aliquam non mauris morbi non lectus aliquam sit amet diam in magna bibendum imperdiet nullam orci pede venenatis non sodales sed tincidunt eu felis fusce posuere felis sed lacus morbi sem mauris laoreet ut', 'consequat metus sapien ut nunc vestibulum ante ipsum primis in faucibus orci luctus et ultrices posuere cubilia curae', 38, '2020-03-25', '2020-02-28');
insert into Article (id, title, content, hashtag, writer_id, created_at, updated_at) values (39, 'odio condimentum id luctus nec molestie sed justo pellentesque viverra pede ac diam cras pellentesque volutpat dui maecenas', 'erat quisque erat eros viverra eget congue eget semper rutrum nulla nunc purus phasellus in felis donec semper sapien a libero nam dui proin leo odio porttitor id consequat in consequat ut nulla sed accumsan felis ut at dolor quis odio consequat varius integer ac leo pellentesque ultrices mattis', 'ultricies eu', 39, '2022-08-30', '2021-11-29');
insert into Article (id, title, content, hashtag, writer_id, created_at, updated_at) values (40, 'nec euismod scelerisque quam turpis adipiscing lorem', 'sodales sed tincidunt eu felis fusce posuere felis sed lacus morbi sem mauris laoreet ut rhoncus aliquet pulvinar sed nisl nunc rhoncus dui vel sem sed sagittis nam congue risus semper porta volutpat quam pede lobortis ligula sit amet eleifend pede libero quis', 'elementum ligula vehicula consequat morbi a ipsum integer a nibh in quis justo maecenas rhoncus aliquam lacus', 40, '2021-09-10', '2022-11-06');
insert into Article (id, title, content, hashtag, writer_id, created_at, updated_at) values (41, 'ut at dolor quis', 'erat tortor sollicitudin mi sit amet lobortis sapien sapien non mi integer ac neque duis bibendum morbi non quam nec dui luctus rutrum nulla tellus in sagittis dui vel nisl duis ac nibh fusce lacus purus aliquet at feugiat non pretium quis lectus suspendisse potenti in eleifend quam a odio in hac habitasse platea dictumst maecenas ut massa quis augue luctus', 'vestibulum sed magna at nunc commodo placerat praesent blandit', 41, '2019-12-19', '2019-12-16');
insert into Article (id, title, content, hashtag, writer_id, created_at, updated_at) values (42, 'justo sit amet sapien dignissim vestibulum vestibulum ante ipsum', 'neque libero convallis eget eleifend luctus ultricies eu nibh quisque id justo sit amet sapien dignissim vestibulum', 'adipiscing elit proin risus praesent lectus vestibulum', 42, '2020-11-17', '2022-02-05');
insert into Article (id, title, content, hashtag, writer_id, created_at, updated_at) values (43, 'accumsan odio curabitur convallis duis consequat dui nec nisi volutpat', 'molestie nibh in lectus pellentesque at nulla suspendisse potenti cras in purus eu magna vulputate luctus cum sociis natoque penatibus et magnis dis parturient montes nascetur ridiculus mus vivamus vestibulum sagittis sapien cum sociis natoque penatibus et magnis dis parturient montes nascetur ridiculus mus etiam vel augue vestibulum rutrum rutrum neque aenean auctor gravida sem praesent id massa id nisl venenatis lacinia aenean sit amet justo morbi ut', 'aliquam lacus morbi quis tortor id nulla ultrices aliquet maecenas leo odio condimentum id luctus nec molestie sed justo pellentesque', 43, '2022-03-14', '2020-01-14');
insert into Article (id, title, content, hashtag, writer_id, created_at, updated_at) values (44, 'sed ante vivamus tortor duis mattis egestas metus aenean fermentum donec ut mauris eget massa tempor', 'morbi quis tortor id nulla ultrices aliquet maecenas leo odio condimentum id luctus nec', 'at dolor quis odio consequat varius integer ac leo pellentesque ultrices mattis odio', 44, '2021-09-30', '2020-01-08');
insert into Article (id, title, content, hashtag, writer_id, created_at, updated_at) values (45, 'convallis duis consequat dui nec nisi volutpat eleifend donec ut dolor morbi vel lectus in quam fringilla', 'lacinia aenean sit amet justo morbi ut odio cras mi pede malesuada in imperdiet et commodo vulputate justo in blandit ultrices enim lorem ipsum dolor sit amet consectetuer adipiscing elit proin interdum mauris non ligula pellentesque ultrices phasellus id sapien in sapien iaculis congue vivamus metus arcu adipiscing molestie hendrerit at vulputate vitae nisl aenean lectus pellentesque eget nunc donec quis orci eget orci vehicula condimentum curabitur in libero ut massa volutpat convallis morbi odio odio elementum eu interdum eu tincidunt in leo maecenas pulvinar lobortis est phasellus sit amet erat nulla tempus vivamus in felis', 'nec molestie sed justo pellentesque viverra pede ac diam cras pellentesque volutpat dui maecenas tristique', 45, '2021-05-25', '2021-04-10');
insert into Article (id, title, content, hashtag, writer_id, created_at, updated_at) values (46, 'amet nulla quisque arcu libero', 'pede lobortis ligula sit amet eleifend pede libero quis orci nullam molestie nibh in lectus pellentesque at nulla suspendisse potenti cras in purus eu magna vulputate luctus cum sociis natoque penatibus et magnis dis parturient montes nascetur ridiculus mus vivamus vestibulum sagittis sapien cum sociis natoque penatibus et magnis dis parturient montes nascetur ridiculus mus etiam vel augue vestibulum rutrum rutrum neque aenean auctor gravida sem praesent id massa id nisl venenatis lacinia aenean sit amet justo morbi ut odio', 'pulvinar lobortis est phasellus sit amet erat nulla tempus', 46, '2021-08-13', '2022-11-27');
insert into Article (id, title, content, hashtag, writer_id, created_at, updated_at) values (47, 'sit amet consectetuer adipiscing elit proin interdum mauris non ligula pellentesque', 'sit amet sapien dignissim vestibulum vestibulum ante ipsum primis in faucibus orci luctus et ultrices posuere cubilia curae nulla dapibus dolor vel est donec odio justo sollicitudin ut suscipit a feugiat et eros vestibulum ac est', 'eget nunc donec quis orci eget orci vehicula condimentum curabitur in libero ut massa volutpat convallis morbi odio odio elementum', 47, '2021-05-17', '2022-12-03');
insert into Article (id, title, content, hashtag, writer_id, created_at, updated_at) values (48, 'nulla pede ullamcorper augue a suscipit nulla elit', 'erat vestibulum sed magna at nunc commodo placerat praesent blandit nam nulla integer pede justo lacinia eget tincidunt eget tempus vel pede morbi porttitor lorem id ligula suspendisse ornare consequat lectus in est risus auctor sed tristique in tempus sit amet sem fusce consequat nulla nisl nunc nisl duis bibendum felis sed interdum venenatis turpis enim blandit mi in porttitor pede justo eu massa donec dapibus duis at velit eu est congue elementum in hac habitasse platea dictumst morbi vestibulum velit id pretium iaculis diam erat fermentum justo nec condimentum neque sapien placerat ante nulla justo aliquam quis turpis eget elit sodales scelerisque mauris sit amet eros suspendisse accumsan tortor quis turpis sed ante vivamus tortor duis', 'felis fusce posuere felis sed lacus morbi sem mauris laoreet ut rhoncus aliquet pulvinar sed nisl nunc rhoncus', 48, '2021-04-22', '2022-07-20');
insert into Article (id, title, content, hashtag, writer_id, created_at, updated_at) values (49, 'posuere felis sed lacus morbi sem mauris laoreet ut rhoncus aliquet pulvinar sed nisl nunc rhoncus dui', 'risus dapibus augue vel accumsan tellus nisi eu orci mauris lacinia sapien quis libero nullam sit amet turpis elementum ligula vehicula consequat morbi a ipsum integer a nibh in quis justo maecenas rhoncus aliquam lacus morbi quis tortor id nulla ultrices aliquet maecenas leo odio condimentum id luctus nec molestie sed justo pellentesque viverra pede ac diam cras pellentesque volutpat dui maecenas tristique est et tempus semper est quam pharetra magna ac consequat metus sapien ut nunc vestibulum ante ipsum primis in faucibus orci luctus et ultrices posuere cubilia curae mauris viverra diam vitae quam suspendisse', 'lacus morbi sem mauris laoreet ut rhoncus aliquet pulvinar sed nisl nunc rhoncus dui vel sem sed', 49, '2022-07-06', '2021-05-05');
insert into Article (id, title, content, hashtag, writer_id, created_at, updated_at) values (50, 'felis ut at dolor quis odio consequat varius integer', 'aliquam sit amet diam in magna bibendum imperdiet nullam orci pede venenatis non sodales sed tincidunt eu', 'augue aliquam', 50, '2019-12-19', '2021-09-12');
insert into Article (id, title, content, hashtag, writer_id, created_at, updated_at) values (51, 'non mi integer ac neque duis bibendum morbi', 'in faucibus orci luctus et ultrices posuere cubilia curae mauris viverra diam vitae quam suspendisse potenti nullam porttitor lacus at turpis donec posuere metus vitae ipsum aliquam non mauris morbi non lectus aliquam', 'eu magna vulputate luctus cum sociis natoque', 51, '2020-03-20', '2020-09-14');
insert into Article (id, title, content, hashtag, writer_id, created_at, updated_at) values (52, 'dapibus augue vel accumsan tellus nisi eu orci mauris', 'molestie lorem quisque ut erat curabitur gravida nisi at nibh in hac habitasse platea dictumst aliquam augue quam sollicitudin vitae consectetuer eget rutrum at lorem integer tincidunt ante vel ipsum praesent blandit lacinia erat vestibulum sed magna at nunc commodo placerat praesent blandit nam nulla integer pede justo lacinia eget tincidunt eget tempus vel pede morbi porttitor lorem id ligula suspendisse ornare consequat lectus in est risus auctor sed tristique in tempus sit amet sem fusce consequat nulla nisl nunc nisl duis bibendum felis sed interdum venenatis turpis enim blandit mi in porttitor pede justo eu massa donec dapibus duis at velit eu est congue elementum in hac habitasse platea dictumst morbi vestibulum', 'purus sit amet nulla quisque arcu libero rutrum ac lobortis vel', 52, '2022-05-27', '2022-07-20');
insert into Article (id, title, content, hashtag, writer_id, created_at, updated_at) values (53, 'luctus et ultrices posuere cubilia curae nulla dapibus dolor vel est', 'justo in blandit ultrices enim lorem ipsum dolor sit amet consectetuer adipiscing elit proin interdum mauris non ligula pellentesque ultrices phasellus id sapien in sapien iaculis congue vivamus metus arcu adipiscing molestie hendrerit at vulputate vitae nisl aenean lectus pellentesque eget nunc donec quis orci eget orci vehicula condimentum curabitur in libero ut massa volutpat convallis morbi odio odio elementum eu interdum eu tincidunt in leo maecenas pulvinar lobortis est phasellus sit amet erat', 'congue risus semper porta volutpat quam pede lobortis ligula sit amet eleifend pede libero quis orci nullam molestie nibh', 53, '2022-09-04', '2021-05-17');
insert into Article (id, title, content, hashtag, writer_id, created_at, updated_at) values (54, 'libero nullam sit amet turpis elementum ligula vehicula consequat', 'vestibulum velit id pretium iaculis', 'sed justo pellentesque viverra pede ac diam cras pellentesque volutpat dui maecenas', 54, '2022-10-16', '2022-04-08');
insert into Article (id, title, content, hashtag, writer_id, created_at, updated_at) values (55, 'curae', 'porttitor lacus at turpis donec posuere metus vitae ipsum aliquam non mauris morbi non lectus aliquam sit amet diam in magna bibendum imperdiet nullam orci pede venenatis non sodales sed tincidunt eu felis fusce posuere felis sed lacus morbi sem mauris laoreet ut rhoncus aliquet pulvinar sed', 'platea dictumst maecenas ut massa quis augue luctus tincidunt nulla', 55, '2022-07-06', '2022-01-06');
insert into Article (id, title, content, hashtag, writer_id, created_at, updated_at) values (56, 'nulla nisl nunc nisl duis bibendum felis sed interdum venenatis turpis enim blandit mi in', 'mi', 'nulla integer pede justo lacinia eget tincidunt eget', 56, '2022-01-31', '2021-05-02');
insert into Article (id, title, content, hashtag, writer_id, created_at, updated_at) values (57, 'mollis molestie lorem quisque ut erat curabitur gravida nisi at nibh in hac habitasse platea dictumst', 'luctus ultricies eu nibh quisque id justo sit amet sapien dignissim vestibulum vestibulum ante ipsum primis in faucibus orci luctus et ultrices posuere cubilia curae nulla dapibus dolor vel est donec odio justo sollicitudin ut suscipit', 'consequat dui nec nisi volutpat eleifend donec', 57, '2022-07-18', '2021-01-18');
insert into Article (id, title, content, hashtag, writer_id, created_at, updated_at) values (58, 'vulputate nonummy maecenas tincidunt lacus at velit vivamus vel nulla eget eros elementum pellentesque quisque porta volutpat erat', 'neque duis bibendum morbi non quam nec dui luctus rutrum nulla tellus in sagittis dui', 'et magnis dis parturient montes nascetur ridiculus mus etiam vel augue vestibulum rutrum rutrum neque aenean auctor gravida', 58, '2022-10-05', '2021-07-04');
insert into Article (id, title, content, hashtag, writer_id, created_at, updated_at) values (59, 'dolor sit amet consectetuer adipiscing', 'dolor quis odio consequat varius integer ac leo pellentesque ultrices mattis odio donec vitae nisi nam ultrices libero non mattis pulvinar nulla pede ullamcorper augue a suscipit nulla elit ac nulla sed vel enim sit amet nunc viverra dapibus nulla suscipit ligula in lacus curabitur at ipsum ac tellus semper interdum mauris ullamcorper purus sit amet nulla quisque arcu libero', 'vestibulum ante ipsum primis in faucibus orci luctus et ultrices posuere cubilia curae duis faucibus accumsan odio curabitur', 59, '2020-11-18', '2021-08-07');
insert into Article (id, title, content, hashtag, writer_id, created_at, updated_at) values (60, 'vel dapibus at diam nam', 'nascetur ridiculus mus vivamus vestibulum sagittis sapien cum sociis natoque penatibus et magnis dis parturient montes nascetur ridiculus mus etiam vel augue vestibulum rutrum rutrum neque aenean auctor gravida sem praesent', 'diam nam tristique tortor', 60, '2021-05-04', '2020-07-17');
insert into Article (id, title, content, hashtag, writer_id, created_at, updated_at) values (61, 'nibh in lectus pellentesque', 'augue vel accumsan tellus nisi eu orci mauris lacinia sapien quis libero nullam sit amet turpis elementum ligula vehicula consequat morbi a ipsum integer a nibh in quis justo maecenas rhoncus aliquam lacus morbi quis tortor id nulla ultrices aliquet maecenas leo odio condimentum id luctus nec molestie sed justo pellentesque viverra pede ac diam cras pellentesque volutpat', 'in imperdiet et commodo vulputate justo in blandit ultrices enim lorem ipsum dolor sit amet consectetuer adipiscing elit proin', 61, '2019-12-14', '2021-12-25');
insert into Article (id, title, content, hashtag, writer_id, created_at, updated_at) values (62, 'volutpat convallis morbi odio odio elementum eu interdum eu tincidunt in', 'non velit nec nisi vulputate nonummy maecenas tincidunt lacus at velit vivamus vel nulla eget eros elementum pellentesque quisque porta volutpat erat quisque erat eros viverra eget congue eget semper rutrum nulla nunc purus phasellus in felis donec semper sapien a libero nam dui proin leo odio porttitor id consequat in consequat ut nulla sed accumsan felis ut at dolor quis odio consequat varius integer ac leo pellentesque ultrices mattis odio donec vitae nisi nam ultrices libero non mattis pulvinar nulla pede ullamcorper augue a suscipit nulla elit ac nulla sed vel enim sit amet nunc viverra dapibus nulla', 'leo maecenas pulvinar', 62, '2021-01-13', '2022-04-14');
insert into Article (id, title, content, hashtag, writer_id, created_at, updated_at) values (63, 'mattis egestas metus', 'nisl aenean lectus pellentesque eget nunc donec quis orci eget orci vehicula condimentum curabitur in libero ut massa volutpat convallis morbi odio odio elementum eu interdum eu tincidunt in leo maecenas pulvinar lobortis est phasellus sit amet erat nulla tempus vivamus in felis eu sapien cursus vestibulum proin eu mi nulla ac enim in tempor turpis nec euismod scelerisque quam turpis adipiscing lorem vitae mattis nibh ligula nec sem duis aliquam convallis nunc proin at', 'quam fringilla rhoncus mauris enim leo rhoncus sed vestibulum sit amet cursus id', 63, '2020-10-17', '2020-07-21');
insert into Article (id, title, content, hashtag, writer_id, created_at, updated_at) values (64, 'morbi vestibulum velit id pretium iaculis diam erat fermentum justo nec', 'quisque id justo sit amet sapien dignissim vestibulum vestibulum ante ipsum primis in faucibus orci luctus et ultrices posuere cubilia curae nulla dapibus dolor vel est donec odio justo sollicitudin ut suscipit a feugiat et eros vestibulum ac est lacinia nisi venenatis tristique fusce congue diam id ornare imperdiet sapien urna pretium nisl ut volutpat sapien arcu sed augue aliquam erat volutpat', 'libero nullam sit amet turpis elementum', 64, '2019-12-23', '2021-03-13');
insert into Article (id, title, content, hashtag, writer_id, created_at, updated_at) values (65, 'donec ut mauris eget massa tempor convallis nulla neque libero convallis eget eleifend luctus ultricies eu nibh quisque id', 'justo nec condimentum neque sapien placerat ante nulla justo aliquam quis turpis eget elit sodales scelerisque mauris sit amet eros suspendisse accumsan tortor quis turpis sed ante vivamus tortor duis mattis egestas metus aenean fermentum donec ut mauris eget massa tempor convallis nulla neque libero convallis eget eleifend luctus ultricies', 'dolor vel est donec odio justo', 65, '2020-05-19', '2022-12-31');
insert into Article (id, title, content, hashtag, writer_id, created_at, updated_at) values (66, 'porttitor', 'curabitur at ipsum ac tellus semper interdum mauris ullamcorper', 'rutrum ac lobortis vel dapibus at diam nam', 66, '2020-10-13', '2021-10-28');
insert into Article (id, title, content, hashtag, writer_id, created_at, updated_at) values (67, 'quis turpis sed ante vivamus tortor', 'molestie sed justo pellentesque viverra pede ac diam cras pellentesque volutpat dui maecenas tristique est et tempus semper est quam pharetra magna ac consequat metus sapien ut nunc vestibulum ante ipsum primis in faucibus orci luctus et ultrices posuere cubilia curae mauris viverra diam vitae quam suspendisse potenti nullam porttitor lacus at turpis donec', 'ut rhoncus', 67, '2022-09-28', '2022-03-07');
insert into Article (id, title, content, hashtag, writer_id, created_at, updated_at) values (68, 'odio cras mi pede malesuada in imperdiet et commodo vulputate justo in blandit', 'vivamus metus arcu adipiscing molestie hendrerit at vulputate vitae nisl aenean lectus pellentesque eget nunc donec quis orci eget orci vehicula condimentum curabitur in libero ut massa volutpat convallis morbi odio odio elementum eu interdum eu tincidunt in leo maecenas pulvinar lobortis est phasellus sit amet erat nulla tempus vivamus in felis eu sapien cursus vestibulum proin eu mi nulla ac enim in tempor turpis nec euismod scelerisque quam turpis adipiscing lorem vitae mattis nibh ligula nec sem duis aliquam convallis nunc proin at turpis a pede posuere nonummy integer non velit donec diam neque vestibulum eget vulputate ut ultrices vel augue vestibulum ante ipsum primis in faucibus orci luctus et ultrices posuere cubilia curae donec pharetra magna vestibulum aliquet', 'vel est donec odio justo sollicitudin', 68, '2020-09-14', '2022-08-15');
insert into Article (id, title, content, hashtag, writer_id, created_at, updated_at) values (69, 'orci luctus et ultrices posuere cubilia curae mauris viverra diam vitae quam suspendisse potenti nullam porttitor lacus at turpis', 'sapien urna pretium nisl ut volutpat sapien arcu sed augue aliquam erat volutpat in congue etiam justo etiam pretium iaculis justo in hac habitasse platea dictumst etiam faucibus cursus urna ut tellus nulla ut erat id mauris vulputate elementum nullam varius nulla facilisi cras non velit nec nisi vulputate nonummy maecenas tincidunt lacus at velit vivamus vel nulla eget eros elementum pellentesque quisque porta volutpat erat quisque erat eros viverra eget congue eget semper rutrum nulla nunc purus phasellus in felis donec semper sapien a libero nam dui proin leo odio porttitor id consequat in consequat ut nulla sed accumsan felis', 'orci luctus et ultrices posuere cubilia curae mauris viverra', 69, '2020-09-14', '2021-02-02');
insert into Article (id, title, content, hashtag, writer_id, created_at, updated_at) values (70, 'platea dictumst aliquam augue quam sollicitudin vitae consectetuer eget rutrum at lorem integer', 'dui maecenas tristique est et tempus semper est quam pharetra magna ac consequat metus sapien ut nunc vestibulum ante ipsum primis in faucibus orci luctus et ultrices posuere cubilia curae', 'sapien varius ut blandit non interdum in ante vestibulum ante ipsum primis', 70, '2021-10-07', '2020-07-26');
insert into Article (id, title, content, hashtag, writer_id, created_at, updated_at) values (71, 'id lobortis convallis tortor risus dapibus augue vel accumsan tellus nisi eu orci', 'ut massa quis augue luctus tincidunt nulla mollis molestie lorem quisque ut erat curabitur gravida nisi at nibh in hac habitasse platea dictumst aliquam augue quam sollicitudin vitae consectetuer eget rutrum at lorem integer tincidunt ante vel ipsum praesent blandit lacinia erat vestibulum sed magna at nunc commodo placerat praesent blandit nam nulla integer pede justo lacinia eget tincidunt eget tempus vel pede morbi porttitor lorem id ligula suspendisse ornare consequat lectus in est risus auctor sed tristique in tempus sit amet sem fusce consequat nulla nisl nunc nisl duis bibendum felis sed interdum venenatis turpis enim blandit mi in', 'dui vel sem sed sagittis nam congue risus semper', 71, '2020-06-07', '2021-06-24');
insert into Article (id, title, content, hashtag, writer_id, created_at, updated_at) values (72, 'ac enim in tempor turpis nec euismod scelerisque quam turpis adipiscing lorem vitae mattis nibh', 'in hac habitasse platea dictumst morbi vestibulum velit id pretium iaculis diam erat fermentum justo nec condimentum neque sapien placerat ante nulla justo aliquam quis turpis eget elit sodales scelerisque mauris sit amet eros suspendisse accumsan tortor quis turpis sed ante vivamus tortor duis mattis egestas metus aenean fermentum donec ut mauris eget massa tempor convallis nulla neque libero convallis eget eleifend luctus ultricies eu nibh quisque id justo sit amet sapien dignissim vestibulum vestibulum ante ipsum primis in faucibus orci luctus et ultrices posuere cubilia curae nulla dapibus dolor vel est donec odio justo sollicitudin ut', 'nonummy integer non velit donec diam neque vestibulum eget vulputate ut ultrices vel augue vestibulum ante ipsum', 72, '2021-06-25', '2021-11-10');
insert into Article (id, title, content, hashtag, writer_id, created_at, updated_at) values (73, 'vel nisl duis ac', 'purus aliquet at feugiat non pretium quis lectus suspendisse potenti in eleifend quam a odio in hac habitasse platea dictumst maecenas ut massa quis augue luctus tincidunt nulla mollis molestie lorem quisque ut erat curabitur gravida nisi at nibh in hac habitasse platea dictumst aliquam augue quam sollicitudin vitae consectetuer eget rutrum at lorem integer tincidunt ante vel ipsum praesent blandit lacinia erat vestibulum sed magna at nunc commodo placerat praesent blandit nam nulla integer pede justo lacinia eget tincidunt eget tempus vel pede morbi porttitor lorem', 'montes nascetur ridiculus mus vivamus vestibulum sagittis', 73, '2022-04-25', '2020-12-25');
insert into Article (id, title, content, hashtag, writer_id, created_at, updated_at) values (74, 'at vulputate vitae nisl aenean lectus pellentesque eget nunc donec quis orci eget orci vehicula condimentum curabitur in libero', 'mi sit amet lobortis sapien sapien non mi integer ac neque duis bibendum morbi non quam nec dui luctus rutrum nulla tellus in sagittis dui vel nisl duis ac nibh fusce lacus purus aliquet at feugiat non pretium quis lectus suspendisse potenti in eleifend quam a odio in hac habitasse platea dictumst maecenas ut massa quis augue luctus tincidunt nulla mollis molestie', 'nec dui luctus rutrum nulla tellus in sagittis', 74, '2021-12-08', '2019-12-09');
insert into Article (id, title, content, hashtag, writer_id, created_at, updated_at) values (75, 'volutpat sapien arcu sed augue aliquam erat volutpat in congue etiam justo etiam pretium', 'posuere cubilia curae mauris viverra diam vitae quam suspendisse potenti nullam porttitor lacus at turpis donec posuere metus vitae ipsum aliquam non mauris morbi non lectus aliquam sit amet diam in magna bibendum imperdiet nullam orci pede venenatis non sodales sed tincidunt eu felis fusce posuere felis sed lacus morbi sem mauris laoreet ut rhoncus aliquet pulvinar sed nisl nunc rhoncus dui vel sem sed sagittis nam congue risus semper porta volutpat quam pede lobortis ligula sit amet eleifend pede libero quis orci nullam molestie nibh in lectus pellentesque at nulla suspendisse potenti cras in purus eu magna vulputate luctus cum sociis natoque penatibus et magnis dis parturient montes nascetur ridiculus mus vivamus vestibulum', 'commodo placerat praesent blandit', 75, '2022-07-02', '2020-08-26');
insert into Article (id, title, content, hashtag, writer_id, created_at, updated_at) values (76, 'risus dapibus', 'rhoncus aliquam lacus morbi quis tortor id nulla ultrices aliquet maecenas leo odio condimentum id luctus nec molestie sed justo pellentesque viverra pede ac diam cras pellentesque volutpat dui maecenas tristique est et tempus semper est quam', 'in purus eu magna vulputate luctus cum sociis natoque penatibus et magnis dis parturient montes', 76, '2022-06-14', '2022-05-26');
insert into Article (id, title, content, hashtag, writer_id, created_at, updated_at) values (77, 'consequat', 'ante nulla justo aliquam quis turpis eget elit sodales scelerisque mauris sit amet eros suspendisse accumsan tortor quis turpis sed ante vivamus tortor duis mattis egestas metus aenean fermentum donec ut mauris eget massa tempor convallis nulla neque libero convallis eget eleifend luctus ultricies eu nibh quisque id justo sit amet sapien dignissim vestibulum vestibulum ante ipsum primis in faucibus orci', 'in imperdiet et commodo vulputate justo', 77, '2020-05-21', '2022-04-24');
insert into Article (id, title, content, hashtag, writer_id, created_at, updated_at) values (78, 'lobortis sapien sapien non mi integer ac neque duis bibendum morbi non quam', 'diam id ornare imperdiet sapien urna pretium nisl ut volutpat sapien arcu sed augue aliquam erat volutpat in congue etiam justo etiam pretium iaculis justo in hac habitasse platea dictumst etiam faucibus cursus urna ut tellus nulla ut erat id mauris vulputate elementum nullam varius nulla facilisi cras non velit nec nisi vulputate nonummy maecenas tincidunt lacus at velit vivamus vel nulla eget eros elementum pellentesque quisque porta volutpat erat quisque erat eros viverra eget congue eget semper rutrum nulla nunc purus phasellus in felis donec semper sapien a libero nam dui proin leo odio porttitor id consequat in consequat ut nulla sed accumsan felis ut', 'enim', 78, '2022-10-09', '2020-10-28');
insert into Article (id, title, content, hashtag, writer_id, created_at, updated_at) values (79, 'quam suspendisse potenti nullam porttitor lacus at turpis donec posuere metus vitae ipsum aliquam non mauris', 'mauris laoreet ut rhoncus aliquet pulvinar sed nisl nunc rhoncus dui vel sem sed sagittis nam congue risus semper porta volutpat quam pede lobortis ligula sit amet eleifend pede libero quis orci nullam molestie nibh in lectus pellentesque at nulla suspendisse potenti cras in', 'enim lorem ipsum', 79, '2021-12-27', '2020-12-26');
insert into Article (id, title, content, hashtag, writer_id, created_at, updated_at) values (80, 'id massa id nisl venenatis lacinia aenean sit amet justo', 'in congue etiam justo etiam pretium iaculis justo in hac habitasse platea dictumst etiam faucibus cursus urna ut tellus nulla ut erat id mauris vulputate elementum nullam varius nulla facilisi cras non velit nec nisi vulputate nonummy maecenas tincidunt lacus at velit vivamus vel nulla eget eros elementum pellentesque quisque porta volutpat erat quisque erat eros viverra eget congue eget semper rutrum nulla nunc purus phasellus in felis donec semper sapien a', 'velit vivamus vel nulla eget eros', 80, '2022-02-25', '2020-04-01');
insert into Article (id, title, content, hashtag, writer_id, created_at, updated_at) values (81, 'eros elementum pellentesque quisque porta volutpat erat quisque erat eros', 'elementum in hac habitasse platea dictumst morbi vestibulum velit id pretium iaculis diam erat fermentum justo nec condimentum neque sapien placerat ante nulla justo aliquam quis turpis eget elit sodales scelerisque mauris sit amet eros suspendisse accumsan tortor quis turpis sed ante vivamus tortor duis mattis egestas metus aenean fermentum donec ut mauris eget massa tempor convallis nulla neque libero convallis eget eleifend luctus ultricies eu nibh quisque id justo sit amet sapien dignissim vestibulum vestibulum ante ipsum primis in faucibus orci luctus et ultrices posuere cubilia curae nulla dapibus dolor vel est donec odio', 'augue aliquam erat volutpat in congue etiam justo etiam pretium iaculis justo in hac habitasse platea dictumst etiam', 81, '2020-11-21', '2020-10-23');
insert into Article (id, title, content, hashtag, writer_id, created_at, updated_at) values (82, 'blandit', 'ipsum integer a nibh in quis justo maecenas rhoncus aliquam lacus morbi quis tortor id nulla ultrices aliquet maecenas leo odio condimentum id luctus nec molestie sed justo pellentesque viverra pede ac diam cras pellentesque volutpat dui maecenas tristique est et tempus semper est quam pharetra magna ac consequat metus sapien ut nunc vestibulum ante ipsum primis in faucibus orci luctus et ultrices posuere cubilia curae mauris viverra diam vitae quam suspendisse potenti nullam porttitor lacus at turpis donec posuere metus vitae ipsum aliquam non mauris morbi non lectus aliquam sit amet diam in magna bibendum imperdiet nullam orci pede venenatis non sodales sed tincidunt eu felis fusce posuere felis sed lacus morbi sem mauris laoreet ut', 'porttitor id consequat in consequat ut nulla sed accumsan felis ut at dolor quis odio consequat varius integer ac', 82, '2020-07-29', '2021-03-12');
insert into Article (id, title, content, hashtag, writer_id, created_at, updated_at) values (83, 'vivamus vel nulla', 'sodales scelerisque mauris sit amet eros suspendisse accumsan tortor quis turpis sed ante vivamus tortor duis mattis egestas metus aenean fermentum donec ut mauris eget massa tempor convallis nulla neque libero convallis eget eleifend luctus ultricies eu nibh quisque id justo sit amet sapien dignissim vestibulum vestibulum ante ipsum primis in faucibus orci luctus et ultrices posuere cubilia curae nulla dapibus dolor vel est donec odio justo sollicitudin ut suscipit a', 'sit amet cursus id turpis integer aliquet massa id lobortis convallis tortor risus dapibus augue vel accumsan tellus nisi', 83, '2021-05-15', '2020-02-24');
insert into Article (id, title, content, hashtag, writer_id, created_at, updated_at) values (84, 'purus eu', 'consequat lectus in est risus auctor sed tristique in tempus sit amet sem fusce consequat nulla nisl nunc nisl duis bibendum felis sed interdum venenatis turpis enim blandit mi in porttitor pede justo eu massa donec dapibus duis at velit eu est congue elementum in hac habitasse platea dictumst morbi vestibulum velit id pretium iaculis diam erat fermentum justo nec condimentum neque sapien placerat ante nulla justo aliquam quis turpis eget elit sodales scelerisque mauris sit amet eros suspendisse accumsan tortor quis turpis sed ante vivamus tortor duis mattis egestas metus aenean fermentum donec ut', 'quam suspendisse potenti nullam porttitor lacus at turpis donec', 84, '2022-05-13', '2020-05-16');
insert into Article (id, title, content, hashtag, writer_id, created_at, updated_at) values (85, 'neque aenean auctor gravida sem praesent id massa id nisl venenatis lacinia aenean sit amet justo morbi ut', 'quis tortor id nulla ultrices aliquet maecenas leo odio condimentum id luctus nec molestie sed justo pellentesque viverra pede ac diam cras pellentesque volutpat dui maecenas tristique est et tempus semper est quam pharetra magna ac consequat metus sapien ut nunc vestibulum ante ipsum primis in faucibus orci luctus et ultrices posuere cubilia curae mauris viverra diam vitae quam suspendisse potenti nullam porttitor lacus at turpis donec posuere metus vitae ipsum aliquam non mauris morbi non lectus aliquam sit amet diam in magna bibendum imperdiet nullam orci pede venenatis non sodales sed tincidunt eu felis', 'quisque id justo sit amet sapien dignissim vestibulum vestibulum ante ipsum primis in', 85, '2020-06-06', '2022-08-10');
insert into Article (id, title, content, hashtag, writer_id, created_at, updated_at) values (86, 'non ligula pellentesque ultrices phasellus id sapien in sapien iaculis congue vivamus metus arcu', 'morbi ut odio cras mi pede malesuada in imperdiet et commodo vulputate justo in blandit ultrices enim lorem ipsum dolor sit amet consectetuer adipiscing elit proin interdum mauris non ligula pellentesque ultrices phasellus id sapien', 'aliquam convallis nunc proin at turpis a pede posuere nonummy integer non velit donec diam neque vestibulum eget vulputate ut', 86, '2021-10-18', '2021-09-30');
insert into Article (id, title, content, hashtag, writer_id, created_at, updated_at) values (87, 'nisi venenatis tristique fusce congue diam id ornare imperdiet sapien urna pretium', 'nonummy integer non velit donec diam neque vestibulum eget vulputate ut ultrices vel augue vestibulum ante ipsum primis in faucibus orci luctus et ultrices posuere cubilia curae donec pharetra magna vestibulum aliquet ultrices erat tortor sollicitudin mi sit amet lobortis sapien sapien non mi integer ac neque duis bibendum morbi non quam nec dui luctus rutrum nulla tellus in sagittis dui vel nisl duis ac nibh fusce lacus purus aliquet at feugiat non pretium quis lectus suspendisse potenti in eleifend quam a odio in hac habitasse platea dictumst maecenas ut massa quis augue luctus tincidunt nulla mollis molestie lorem quisque ut erat curabitur gravida nisi at nibh in hac habitasse platea dictumst aliquam augue quam', 'eu magna vulputate luctus cum sociis natoque penatibus et magnis dis parturient montes nascetur ridiculus mus vivamus vestibulum', 87, '2019-12-27', '2020-03-29');
insert into Article (id, title, content, hashtag, writer_id, created_at, updated_at) values (88, 'massa quis augue luctus', 'quisque erat eros viverra eget congue eget semper rutrum nulla nunc purus phasellus in felis donec semper sapien a libero nam dui proin leo odio porttitor id consequat in consequat ut nulla sed accumsan felis ut at dolor quis odio consequat varius integer ac leo pellentesque ultrices mattis odio donec vitae nisi nam ultrices libero non mattis pulvinar nulla pede ullamcorper augue a suscipit nulla elit ac nulla sed vel enim sit amet nunc viverra dapibus nulla suscipit ligula in lacus curabitur at ipsum ac tellus semper interdum mauris ullamcorper purus', 'vivamus metus', 88, '2020-05-25', '2022-12-19');
insert into Article (id, title, content, hashtag, writer_id, created_at, updated_at) values (89, 'proin at turpis a pede posuere nonummy integer non velit donec diam neque vestibulum eget vulputate ut ultrices vel', 'nunc vestibulum ante ipsum primis in faucibus orci luctus et ultrices posuere cubilia curae mauris', 'nunc', 89, '2022-04-10', '2020-01-29');
insert into Article (id, title, content, hashtag, writer_id, created_at, updated_at) values (90, 'lacus morbi', 'ultrices erat tortor sollicitudin mi sit amet lobortis sapien sapien non mi integer ac neque duis bibendum morbi non quam nec dui luctus rutrum nulla tellus in sagittis dui vel nisl duis ac nibh fusce lacus purus aliquet at feugiat non pretium quis lectus suspendisse potenti in eleifend quam a odio in hac habitasse platea dictumst maecenas ut massa quis augue luctus tincidunt nulla mollis molestie lorem quisque ut erat curabitur gravida nisi at nibh', 'tempor convallis', 90, '2021-11-13', '2021-08-10');
insert into Article (id, title, content, hashtag, writer_id, created_at, updated_at) values (91, 'est quam pharetra magna ac consequat metus sapien ut nunc vestibulum ante ipsum primis in faucibus orci luctus', 'nulla mollis molestie lorem quisque ut erat curabitur gravida nisi at nibh in hac habitasse platea dictumst aliquam augue quam sollicitudin vitae consectetuer eget', 'donec dapibus duis at velit eu est congue elementum in hac habitasse', 91, '2020-08-11', '2020-11-07');
insert into Article (id, title, content, hashtag, writer_id, created_at, updated_at) values (92, 'nam nulla integer pede justo lacinia eget tincidunt eget tempus vel pede', 'nibh ligula nec sem duis aliquam convallis nunc proin at turpis a pede posuere nonummy integer non velit donec diam neque vestibulum eget vulputate ut ultrices vel augue vestibulum ante ipsum primis in faucibus orci luctus et ultrices posuere cubilia curae donec pharetra magna vestibulum aliquet ultrices erat tortor sollicitudin mi sit amet lobortis sapien sapien non mi integer ac neque duis bibendum morbi non quam nec dui luctus rutrum nulla tellus in sagittis dui vel nisl duis ac nibh fusce lacus purus aliquet at feugiat non pretium quis lectus', 'vulputate nonummy maecenas tincidunt lacus at velit vivamus vel nulla eget eros', 92, '2022-06-26', '2020-11-29');
insert into Article (id, title, content, hashtag, writer_id, created_at, updated_at) values (93, 'vel augue vestibulum rutrum rutrum neque', 'molestie sed justo pellentesque viverra pede ac diam cras pellentesque volutpat dui maecenas tristique est et tempus semper est quam pharetra magna ac consequat metus sapien ut nunc vestibulum ante ipsum primis in faucibus orci luctus et ultrices posuere cubilia curae mauris viverra diam vitae quam suspendisse potenti nullam porttitor lacus at turpis donec posuere metus vitae ipsum aliquam non mauris morbi non lectus aliquam sit amet diam in magna bibendum imperdiet nullam orci pede venenatis non sodales sed tincidunt eu felis fusce posuere felis sed lacus morbi sem mauris laoreet ut rhoncus', 'id nulla ultrices aliquet maecenas leo odio condimentum id luctus nec molestie sed justo pellentesque viverra pede ac diam cras', 93, '2021-10-03', '2020-01-06');
insert into Article (id, title, content, hashtag, writer_id, created_at, updated_at) values (94, 'augue vel', 'diam neque vestibulum eget vulputate ut ultrices vel augue vestibulum ante ipsum primis in faucibus orci luctus et ultrices posuere cubilia curae donec pharetra magna vestibulum aliquet ultrices erat tortor sollicitudin mi sit amet lobortis sapien sapien non mi integer ac neque duis bibendum morbi non quam nec dui luctus rutrum nulla tellus in sagittis dui vel nisl duis ac nibh fusce lacus purus aliquet at feugiat non pretium quis lectus suspendisse potenti in eleifend quam a odio in hac habitasse platea dictumst maecenas ut massa quis augue luctus tincidunt nulla mollis molestie lorem quisque ut erat curabitur gravida', 'eu sapien cursus vestibulum', 94, '2020-11-01', '2021-10-07');
insert into Article (id, title, content, hashtag, writer_id, created_at, updated_at) values (95, 'nulla ut erat id mauris vulputate elementum nullam varius', 'risus auctor sed tristique in tempus sit amet sem fusce consequat nulla nisl nunc nisl duis bibendum felis sed interdum venenatis turpis enim blandit mi in porttitor pede justo eu massa donec dapibus duis at velit eu est congue elementum in hac habitasse platea dictumst morbi vestibulum velit id pretium iaculis diam erat fermentum justo nec condimentum neque sapien placerat ante nulla justo aliquam quis turpis eget elit sodales scelerisque mauris sit amet eros suspendisse accumsan tortor quis turpis sed', 'mauris lacinia sapien quis libero nullam', 95, '2021-01-02', '2022-06-11');
insert into Article (id, title, content, hashtag, writer_id, created_at, updated_at) values (96, 'id ligula suspendisse ornare consequat lectus in est risus auctor sed tristique in', 'morbi a ipsum integer a nibh in quis justo maecenas rhoncus aliquam lacus morbi quis tortor id nulla ultrices aliquet maecenas leo odio condimentum id luctus nec molestie sed justo pellentesque viverra pede ac diam cras pellentesque volutpat dui maecenas tristique est et tempus semper est quam pharetra magna ac consequat metus sapien ut nunc vestibulum ante ipsum primis in faucibus orci luctus', 'quam nec dui luctus rutrum nulla tellus in sagittis dui vel nisl duis ac nibh fusce lacus purus aliquet at', 96, '2020-04-04', '2021-10-24');
insert into Article (id, title, content, hashtag, writer_id, created_at, updated_at) values (97, 'faucibus orci luctus et', 'sodales sed tincidunt eu felis fusce posuere felis sed lacus morbi sem mauris laoreet ut rhoncus aliquet pulvinar sed nisl nunc rhoncus dui vel sem sed sagittis nam congue risus semper porta volutpat quam pede lobortis ligula sit amet eleifend pede libero quis orci nullam molestie', 'ultrices enim lorem ipsum dolor sit amet consectetuer adipiscing elit proin interdum mauris non ligula pellentesque', 97, '2022-09-18', '2022-05-09');
insert into Article (id, title, content, hashtag, writer_id, created_at, updated_at) values (98, 'aliquet pulvinar sed nisl nunc rhoncus dui', 'nisl venenatis lacinia aenean sit amet justo morbi ut odio cras mi pede malesuada in imperdiet et commodo vulputate justo in blandit ultrices enim lorem ipsum dolor sit amet consectetuer adipiscing elit proin interdum mauris non ligula pellentesque ultrices phasellus id sapien in sapien iaculis congue vivamus', 'congue', 98, '2022-11-08', '2022-09-23');
insert into Article (id, title, content, hashtag, writer_id, created_at, updated_at) values (99, 'odio elementum eu interdum eu', 'faucibus cursus urna ut tellus nulla ut erat id mauris vulputate elementum nullam varius nulla facilisi cras non velit nec nisi vulputate nonummy maecenas tincidunt lacus at velit vivamus vel nulla eget eros elementum pellentesque quisque porta volutpat erat quisque erat eros viverra eget congue eget semper rutrum nulla nunc purus phasellus in felis donec semper sapien a libero nam dui proin leo odio porttitor id consequat in consequat ut nulla sed accumsan felis ut at dolor quis odio consequat varius integer ac leo pellentesque ultrices mattis odio donec vitae nisi nam ultrices libero non mattis pulvinar', 'ante vivamus tortor duis mattis egestas metus', 99, '2021-03-30', '2022-10-08');
insert into Article (id, title, content, hashtag, writer_id, created_at, updated_at) values (100, 'suscipit ligula in lacus curabitur at ipsum ac tellus semper interdum mauris ullamcorper purus sit amet nulla', 'eget congue eget semper rutrum nulla nunc purus phasellus in felis donec semper sapien a libero nam dui proin leo odio porttitor id consequat in consequat ut nulla sed accumsan felis ut at dolor quis odio consequat varius integer ac leo pellentesque ultrices mattis', 'habitasse platea dictumst etiam faucibus cursus urna ut tellus nulla ut erat id mauris vulputate', 100, '2022-05-12', '2022-05-21');



insert into Article_comment (id, content, article_id, writer_id, created_at, updated_at) values (101, 'nulla nisl nunc nisl duis bibendum felis sed interdum venenatis turpis enim blandit mi in porttitor pede justo eu massa donec dapibus duis at velit eu est congue elementum in hac habitasse platea dictumst morbi vestibulum velit id pretium iaculis diam erat fermentum justo nec condimentum neque sapien placerat ante nulla justo aliquam quis turpis eget elit sodales scelerisque mauris sit amet eros suspendisse accumsan tortor quis turpis sed ante vivamus tortor duis mattis egestas metus aenean fermentum donec ut mauris eget massa tempor convallis nulla neque libero convallis eget eleifend luctus ultricies eu', 101, 101, '2022-03-03', '2022-08-13');
insert into Article_comment (id, content, article_id, writer_id, created_at, updated_at) values (2, 'eget tincidunt eget tempus vel pede morbi porttitor lorem id ligula suspendisse ornare consequat lectus in est risus auctor sed tristique in tempus sit amet sem fusce consequat nulla nisl nunc nisl duis bibendum felis sed interdum venenatis turpis enim blandit mi in porttitor pede justo eu massa donec dapibus duis at velit eu est congue elementum in hac habitasse platea dictumst morbi vestibulum velit id pretium', 102, 102, '2022-02-09', '2022-06-30');
insert into Article_comment (id, content, article_id, writer_id, created_at, updated_at) values (3, 'eu tincidunt in leo maecenas pulvinar lobortis est phasellus sit amet erat nulla tempus vivamus in felis eu sapien cursus vestibulum proin eu mi nulla ac enim in tempor turpis nec euismod scelerisque quam turpis adipiscing lorem vitae mattis nibh ligula nec sem duis aliquam convallis nunc proin at turpis a pede posuere nonummy integer non velit donec diam neque vestibulum eget vulputate ut ultrices vel augue vestibulum ante ipsum primis in faucibus orci luctus et ultrices posuere cubilia curae donec pharetra magna vestibulum aliquet ultrices erat tortor sollicitudin mi sit amet lobortis sapien sapien non mi integer ac neque duis bibendum morbi non quam nec dui luctus rutrum nulla tellus', 103, 103, '2020-10-14', '2021-01-27');
insert into Article_comment (id, content, article_id, writer_id, created_at, updated_at) values (4, 'in est risus auctor sed tristique in tempus sit amet sem fusce consequat nulla nisl nunc nisl duis bibendum', 4, 4, '2021-02-28', '2020-11-16');
insert into Article_comment (id, content, article_id, writer_id, created_at, updated_at) values (5, 'non lectus aliquam sit amet diam in magna bibendum imperdiet nullam orci pede venenatis non sodales sed tincidunt eu felis fusce posuere felis sed lacus morbi sem mauris laoreet ut rhoncus aliquet pulvinar sed nisl nunc rhoncus dui vel sem sed sagittis nam congue risus semper porta volutpat quam pede lobortis ligula sit amet eleifend pede libero quis orci nullam molestie nibh in lectus pellentesque at nulla', 5, 5, '2021-04-17', '2021-09-01');
insert into Article_comment (id, content, article_id, writer_id, created_at, updated_at) values (6, 'in lacus curabitur at ipsum ac tellus semper interdum mauris ullamcorper purus sit amet nulla quisque arcu libero rutrum ac lobortis vel dapibus at diam', 6, 6, '2019-12-15', '2020-07-13');
insert into Article_comment (id, content, article_id, writer_id, created_at, updated_at) values (7, 'maecenas pulvinar lobortis est phasellus sit amet erat nulla tempus vivamus in felis eu sapien cursus vestibulum proin eu mi nulla ac enim in tempor turpis nec euismod scelerisque quam turpis adipiscing lorem vitae mattis nibh ligula nec sem duis aliquam convallis nunc proin at turpis a pede posuere nonummy integer non velit donec diam neque vestibulum eget vulputate ut ultrices vel augue vestibulum ante ipsum primis in faucibus orci luctus et ultrices posuere cubilia curae donec pharetra magna vestibulum aliquet ultrices erat tortor sollicitudin mi sit amet lobortis sapien sapien non mi integer ac neque duis bibendum morbi non quam nec dui luctus rutrum nulla tellus in sagittis dui vel nisl', 7, 7, '2022-08-11', '2019-12-28');
insert into Article_comment (id, content, article_id, writer_id, created_at, updated_at) values (8, 'orci luctus et', 8, 8, '2021-07-11', '2022-09-27');
insert into Article_comment (id, content, article_id, writer_id, created_at, updated_at) values (9, 'pellentesque volutpat dui maecenas tristique est et tempus semper est quam pharetra magna ac consequat metus sapien ut nunc vestibulum ante ipsum primis in faucibus orci luctus et ultrices posuere cubilia curae mauris viverra diam vitae', 9, 9, '2022-08-25', '2022-12-11');
insert into Article_comment (id, content, article_id, writer_id, created_at, updated_at) values (10, 'morbi non quam nec dui luctus rutrum nulla tellus in sagittis dui vel nisl duis ac nibh fusce lacus purus aliquet at feugiat non pretium quis lectus suspendisse potenti in eleifend quam a odio in hac habitasse platea dictumst maecenas ut massa quis augue luctus tincidunt nulla mollis molestie lorem quisque ut erat curabitur gravida nisi at nibh in hac habitasse platea dictumst aliquam augue quam sollicitudin vitae consectetuer eget rutrum at lorem integer tincidunt ante vel ipsum praesent blandit lacinia erat vestibulum sed magna', 10, 10, '2022-11-22', '2020-03-18');
insert into Article_comment (id, content, article_id, writer_id, created_at, updated_at) values (11, 'est et tempus semper est quam pharetra magna ac consequat metus sapien ut nunc vestibulum ante ipsum primis in faucibus orci luctus et ultrices posuere cubilia curae mauris', 11, 11, '2020-01-26', '2021-01-06');
insert into Article_comment (id, content, article_id, writer_id, created_at, updated_at) values (12, 'turpis adipiscing lorem vitae mattis nibh ligula nec sem duis aliquam convallis nunc proin at turpis a pede posuere nonummy integer non velit donec diam neque vestibulum eget vulputate ut ultrices vel augue vestibulum ante ipsum primis in faucibus orci luctus et ultrices posuere cubilia curae donec pharetra magna vestibulum aliquet ultrices erat tortor sollicitudin mi sit amet lobortis sapien sapien non mi integer ac neque duis bibendum morbi non quam nec dui luctus rutrum nulla tellus in sagittis dui vel nisl duis ac nibh fusce lacus purus aliquet at feugiat non pretium quis lectus suspendisse potenti in eleifend quam a odio in hac habitasse platea dictumst maecenas ut massa quis augue', 12, 12, '2021-06-08', '2020-07-18');
insert into Article_comment (id, content, article_id, writer_id, created_at, updated_at) values (13, 'nulla integer pede justo lacinia eget tincidunt eget tempus vel pede morbi porttitor lorem id ligula suspendisse ornare consequat lectus in est risus auctor sed tristique in tempus sit amet sem fusce consequat nulla nisl nunc nisl duis bibendum felis sed interdum venenatis turpis enim blandit mi in porttitor pede justo eu massa donec dapibus duis at velit eu est congue elementum in hac habitasse platea dictumst morbi vestibulum velit id pretium iaculis diam erat fermentum justo nec condimentum neque sapien placerat ante nulla justo aliquam quis', 13, 13, '2020-03-03', '2020-03-29');
insert into Article_comment (id, content, article_id, writer_id, created_at, updated_at) values (14, 'sed lacus morbi sem mauris laoreet ut rhoncus aliquet pulvinar sed nisl nunc rhoncus dui vel sem sed sagittis nam congue risus semper porta volutpat quam pede lobortis ligula sit amet eleifend pede libero quis orci nullam molestie nibh in lectus pellentesque at nulla suspendisse potenti cras in purus eu magna vulputate luctus cum sociis natoque penatibus et magnis dis parturient montes nascetur ridiculus mus vivamus vestibulum sagittis sapien cum sociis natoque penatibus et magnis', 14, 14, '2022-06-02', '2021-02-24');
insert into Article_comment (id, content, article_id, writer_id, created_at, updated_at) values (15, 'nonummy maecenas tincidunt lacus at velit vivamus vel nulla eget eros elementum pellentesque quisque porta volutpat erat quisque erat eros viverra eget congue eget semper rutrum nulla nunc purus phasellus in felis donec semper sapien a libero nam dui proin leo odio porttitor id consequat in consequat ut nulla sed accumsan felis ut at dolor quis odio consequat varius integer ac leo', 15, 15, '2022-10-31', '2022-05-04');
insert into Article_comment (id, content, article_id, writer_id, created_at, updated_at) values (16, 'sed nisl nunc rhoncus dui vel sem sed sagittis nam congue risus semper porta volutpat quam pede lobortis ligula sit amet eleifend pede libero quis orci nullam molestie nibh in lectus pellentesque at nulla suspendisse potenti cras in purus eu magna vulputate luctus cum sociis natoque penatibus et', 16, 16, '2019-12-15', '2022-01-13');
insert into Article_comment (id, content, article_id, writer_id, created_at, updated_at) values (17, 'at dolor quis odio consequat varius integer ac leo pellentesque ultrices mattis odio donec vitae nisi nam ultrices', 17, 17, '2022-08-06', '2022-04-24');
insert into Article_comment (id, content, article_id, writer_id, created_at, updated_at) values (18, 'augue vestibulum ante ipsum primis in faucibus orci luctus et ultrices posuere cubilia curae donec pharetra magna vestibulum aliquet ultrices erat tortor sollicitudin mi sit amet lobortis sapien sapien non mi integer ac neque duis bibendum morbi non', 18, 18, '2022-10-06', '2022-10-24');
insert into Article_comment (id, content, article_id, writer_id, created_at, updated_at) values (19, 'at velit vivamus vel nulla eget eros elementum pellentesque quisque porta volutpat erat quisque erat eros viverra eget congue eget semper rutrum nulla nunc purus phasellus in felis donec semper sapien a libero nam dui proin leo odio porttitor', 19, 19, '2021-12-29', '2020-08-14');
insert into Article_comment (id, content, article_id, writer_id, created_at, updated_at) values (20, 'quis justo maecenas rhoncus aliquam lacus morbi quis tortor id nulla ultrices aliquet maecenas leo odio condimentum id luctus nec molestie sed', 20, 20, '2022-03-09', '2021-07-21');
insert into Article_comment (id, content, article_id, writer_id, created_at, updated_at) values (21, 'lacus at turpis donec posuere metus vitae ipsum aliquam non mauris morbi non lectus aliquam sit amet diam in magna bibendum imperdiet nullam orci pede venenatis non sodales sed tincidunt eu felis fusce posuere felis sed lacus morbi sem mauris laoreet ut rhoncus aliquet pulvinar sed nisl nunc rhoncus dui vel sem sed sagittis', 21, 21, '2019-12-24', '2020-02-21');
insert into Article_comment (id, content, article_id, writer_id, created_at, updated_at) values (22, 'donec semper sapien a libero nam dui proin leo odio porttitor id consequat in consequat ut nulla sed accumsan felis ut at dolor quis odio consequat varius integer ac leo pellentesque ultrices mattis odio donec vitae nisi nam ultrices libero non mattis pulvinar nulla pede ullamcorper augue a suscipit nulla elit ac nulla sed vel enim sit amet nunc', 22, 22, '2021-07-21', '2021-05-12');
insert into Article_comment (id, content, article_id, writer_id, created_at, updated_at) values (23, 'feugiat et eros vestibulum ac est lacinia nisi venenatis tristique fusce congue diam id ornare imperdiet sapien urna pretium nisl ut volutpat sapien arcu sed augue aliquam erat volutpat in congue etiam justo etiam pretium iaculis justo in hac habitasse platea dictumst etiam faucibus cursus urna ut tellus nulla ut erat id mauris vulputate elementum nullam varius nulla facilisi cras non velit nec nisi vulputate nonummy maecenas tincidunt lacus at velit vivamus vel nulla eget eros elementum pellentesque quisque porta volutpat erat quisque erat eros viverra eget congue eget semper rutrum nulla nunc purus phasellus in felis donec semper sapien a libero nam dui proin leo odio porttitor id consequat in consequat ut nulla sed accumsan felis', 23, 23, '2022-06-21', '2022-12-29');
insert into Article_comment (id, content, article_id, writer_id, created_at, updated_at) values (24, 'nulla eget eros elementum pellentesque quisque porta volutpat erat quisque erat eros viverra eget congue eget semper rutrum nulla nunc purus phasellus in felis donec semper sapien a libero nam dui proin leo odio porttitor id consequat in consequat ut nulla sed accumsan felis ut at dolor quis odio consequat varius integer ac leo', 24, 24, '2021-11-15', '2020-04-25');
insert into Article_comment (id, content, article_id, writer_id, created_at, updated_at) values (25, 'aliquet at feugiat non pretium quis lectus suspendisse potenti in eleifend quam a odio in hac habitasse platea dictumst maecenas ut massa quis augue luctus tincidunt nulla mollis molestie lorem quisque ut erat curabitur gravida nisi at nibh in hac habitasse platea dictumst aliquam augue quam sollicitudin vitae consectetuer eget rutrum at lorem integer tincidunt ante vel ipsum praesent blandit lacinia erat vestibulum sed magna at nunc commodo placerat praesent blandit', 25, 25, '2022-05-27', '2021-10-01');
insert into Article_comment (id, content, article_id, writer_id, created_at, updated_at) values (26, 'aliquam non mauris morbi non lectus aliquam sit amet diam in magna bibendum imperdiet nullam orci pede venenatis non sodales sed tincidunt eu felis fusce posuere felis sed lacus morbi sem mauris laoreet ut rhoncus aliquet pulvinar sed nisl nunc rhoncus dui vel sem sed sagittis nam congue risus semper porta volutpat quam pede lobortis ligula sit amet eleifend pede libero quis orci nullam molestie nibh in lectus pellentesque at nulla suspendisse potenti cras in purus', 26, 26, '2019-12-06', '2021-04-03');
insert into Article_comment (id, content, article_id, writer_id, created_at, updated_at) values (27, 'mauris ullamcorper purus sit amet nulla quisque arcu libero rutrum ac lobortis vel dapibus at diam nam tristique tortor eu', 27, 27, '2022-01-12', '2021-04-22');
insert into Article_comment (id, content, article_id, writer_id, created_at, updated_at) values (28, 'est phasellus sit amet erat nulla tempus vivamus in felis eu sapien cursus vestibulum proin eu mi nulla ac enim in tempor turpis nec euismod scelerisque quam turpis adipiscing lorem vitae mattis nibh ligula nec sem duis aliquam convallis nunc proin at turpis a pede posuere nonummy integer non velit donec diam neque vestibulum eget vulputate ut ultrices vel augue vestibulum ante ipsum primis in faucibus orci', 28, 28, '2022-05-18', '2021-09-01');
insert into Article_comment (id, content, article_id, writer_id, created_at, updated_at) values (29, 'feugiat non pretium quis lectus suspendisse potenti in eleifend quam a odio in hac habitasse platea dictumst maecenas ut massa quis augue luctus tincidunt nulla mollis molestie lorem quisque ut erat curabitur gravida nisi at nibh in hac habitasse platea dictumst aliquam augue quam sollicitudin vitae consectetuer eget rutrum at lorem integer tincidunt ante vel ipsum praesent blandit lacinia erat vestibulum sed magna at nunc commodo placerat praesent blandit nam nulla integer pede justo lacinia eget tincidunt eget tempus vel pede morbi porttitor lorem id ligula suspendisse ornare consequat lectus in est risus auctor sed tristique in tempus sit amet sem fusce consequat nulla nisl nunc nisl duis bibendum felis sed interdum venenatis turpis enim blandit mi in', 29, 29, '2020-05-15', '2021-11-22');
insert into Article_comment (id, content, article_id, writer_id, created_at, updated_at) values (30, 'faucibus cursus urna ut tellus nulla ut erat id mauris vulputate elementum nullam varius nulla facilisi cras non velit nec nisi vulputate nonummy maecenas tincidunt lacus at velit vivamus vel nulla eget eros elementum pellentesque quisque porta volutpat erat quisque erat eros viverra eget congue eget semper rutrum nulla nunc purus phasellus in felis donec semper sapien', 30, 30, '2021-12-19', '2021-10-06');
insert into Article_comment (id, content, article_id, writer_id, created_at, updated_at) values (31, 'sit amet sem fusce consequat nulla nisl nunc nisl duis bibendum felis sed interdum venenatis turpis enim blandit mi in porttitor pede justo eu massa donec dapibus duis at velit eu est congue elementum in hac habitasse platea dictumst morbi vestibulum velit id pretium iaculis diam erat fermentum justo nec condimentum neque sapien placerat ante nulla justo aliquam quis turpis eget elit sodales scelerisque mauris sit amet eros suspendisse accumsan tortor quis turpis sed ante vivamus tortor duis mattis egestas', 31, 31, '2020-12-13', '2021-12-03');
insert into Article_comment (id, content, article_id, writer_id, created_at, updated_at) values (32, 'ipsum aliquam non mauris morbi non lectus aliquam sit amet diam in magna bibendum imperdiet nullam orci pede venenatis non sodales sed tincidunt eu felis fusce posuere felis sed lacus morbi sem mauris laoreet ut rhoncus aliquet pulvinar sed nisl nunc rhoncus dui vel sem sed sagittis nam congue risus semper porta volutpat', 32, 32, '2022-03-04', '2022-02-07');
insert into Article_comment (id, content, article_id, writer_id, created_at, updated_at) values (33, 'arcu sed augue aliquam erat volutpat in', 33, 33, '2021-07-04', '2022-09-10');
insert into Article_comment (id, content, article_id, writer_id, created_at, updated_at) values (34, 'tristique est et tempus semper est quam pharetra magna ac consequat metus sapien ut nunc vestibulum ante ipsum primis in faucibus orci luctus et ultrices posuere cubilia curae mauris viverra diam vitae quam suspendisse potenti nullam porttitor lacus at turpis donec posuere metus vitae ipsum aliquam non mauris morbi non lectus aliquam sit amet diam in magna bibendum imperdiet nullam orci pede venenatis non sodales sed tincidunt eu felis fusce posuere felis sed lacus morbi sem mauris laoreet ut rhoncus aliquet pulvinar sed nisl nunc rhoncus dui vel sem sed sagittis nam congue risus semper porta volutpat quam pede lobortis ligula sit amet eleifend pede libero quis orci nullam molestie nibh in lectus pellentesque at nulla suspendisse potenti cras', 34, 34, '2020-07-18', '2021-03-17');
insert into Article_comment (id, content, article_id, writer_id, created_at, updated_at) values (35, 'nulla nisl nunc nisl duis bibendum felis sed interdum venenatis turpis enim blandit mi in porttitor pede justo eu massa donec dapibus duis at velit eu est congue elementum in hac habitasse platea dictumst morbi vestibulum velit id pretium iaculis diam erat fermentum justo nec condimentum neque sapien placerat ante nulla justo aliquam quis turpis eget elit sodales scelerisque mauris sit amet eros suspendisse accumsan tortor quis turpis sed ante vivamus tortor duis mattis egestas metus aenean fermentum donec ut mauris eget massa tempor convallis nulla neque libero convallis eget eleifend luctus ultricies', 35, 35, '2020-01-01', '2021-07-17');
insert into Article_comment (id, content, article_id, writer_id, created_at, updated_at) values (36, 'blandit non interdum in ante vestibulum ante ipsum primis in faucibus orci luctus et ultrices posuere cubilia curae duis faucibus accumsan odio curabitur convallis duis consequat dui nec nisi volutpat eleifend donec ut dolor morbi vel lectus in quam fringilla rhoncus mauris enim leo rhoncus sed vestibulum sit amet cursus id turpis integer aliquet massa id lobortis convallis tortor risus dapibus augue vel accumsan tellus nisi', 36, 36, '2019-12-03', '2021-07-10');
insert into Article_comment (id, content, article_id, writer_id, created_at, updated_at) values (37, 'rhoncus dui vel sem sed sagittis nam congue risus semper porta volutpat quam pede lobortis ligula sit amet eleifend pede libero quis orci nullam molestie nibh in lectus pellentesque at nulla suspendisse potenti cras in purus eu magna vulputate luctus cum sociis natoque penatibus et magnis dis parturient montes nascetur ridiculus mus vivamus vestibulum sagittis sapien cum sociis natoque penatibus et magnis dis parturient montes nascetur ridiculus mus etiam vel', 37, 37, '2021-04-28', '2021-03-08');
insert into Article_comment (id, content, article_id, writer_id, created_at, updated_at) values (38, 'at nulla suspendisse potenti cras in purus eu magna vulputate luctus cum sociis natoque penatibus et', 38, 38, '2020-03-21', '2022-02-05');
insert into Article_comment (id, content, article_id, writer_id, created_at, updated_at) values (39, 'malesuada in imperdiet et commodo vulputate justo in blandit ultrices enim lorem ipsum dolor sit amet consectetuer adipiscing elit proin interdum mauris non ligula pellentesque ultrices phasellus id sapien in sapien iaculis congue vivamus metus arcu adipiscing molestie hendrerit at vulputate vitae nisl aenean lectus pellentesque eget nunc donec quis orci eget orci vehicula condimentum curabitur in libero', 39, 39, '2021-04-17', '2020-03-15');
insert into Article_comment (id, content, article_id, writer_id, created_at, updated_at) values (40, 'odio elementum eu interdum eu tincidunt in leo maecenas pulvinar lobortis est phasellus sit amet erat nulla tempus vivamus in felis eu sapien cursus vestibulum proin eu mi nulla ac enim in tempor turpis nec euismod scelerisque quam turpis adipiscing lorem vitae mattis nibh ligula nec sem duis aliquam convallis nunc proin at turpis a pede posuere nonummy integer non velit donec diam neque vestibulum eget vulputate ut ultrices vel augue vestibulum ante ipsum primis in faucibus orci luctus et ultrices posuere cubilia', 40, 40, '2021-05-13', '2022-03-19');
insert into Article_comment (id, content, article_id, writer_id, created_at, updated_at) values (41, 'consequat metus sapien ut nunc vestibulum ante ipsum primis in faucibus orci luctus et ultrices posuere cubilia curae mauris viverra diam vitae quam suspendisse potenti nullam porttitor lacus at turpis donec posuere metus vitae ipsum aliquam non mauris morbi non lectus aliquam sit amet diam in magna bibendum imperdiet nullam orci pede venenatis non sodales sed tincidunt eu felis fusce posuere felis sed lacus morbi sem mauris laoreet ut rhoncus aliquet pulvinar sed nisl nunc rhoncus dui vel sem sed sagittis nam congue risus semper porta volutpat quam pede lobortis ligula sit amet eleifend pede libero quis orci nullam molestie nibh in lectus pellentesque at nulla suspendisse potenti cras in purus eu magna vulputate luctus cum sociis natoque', 41, 41, '2020-07-20', '2022-02-22');
insert into Article_comment (id, content, article_id, writer_id, created_at, updated_at) values (42, 'donec dapibus duis at velit eu est congue elementum in hac habitasse platea dictumst morbi vestibulum velit id pretium iaculis diam erat fermentum justo nec condimentum neque sapien placerat ante nulla justo aliquam quis turpis eget elit sodales scelerisque mauris sit amet eros suspendisse accumsan tortor quis turpis sed ante vivamus tortor duis mattis egestas metus aenean fermentum donec ut mauris eget massa tempor convallis nulla neque libero convallis eget eleifend luctus ultricies eu nibh quisque id justo sit amet sapien dignissim vestibulum vestibulum ante ipsum primis in faucibus orci luctus et ultrices posuere cubilia curae nulla dapibus dolor vel est', 42, 42, '2021-11-26', '2022-02-17');
insert into Article_comment (id, content, article_id, writer_id, created_at, updated_at) values (43, 'pede posuere nonummy integer non velit donec diam neque vestibulum eget vulputate ut ultrices vel augue vestibulum ante ipsum primis in faucibus', 43, 43, '2022-08-09', '2022-01-31');
insert into Article_comment (id, content, article_id, writer_id, created_at, updated_at) values (44, 'donec odio justo sollicitudin ut suscipit a feugiat et eros vestibulum ac est lacinia nisi venenatis tristique fusce congue diam id ornare imperdiet sapien urna pretium nisl ut volutpat sapien arcu sed augue aliquam erat volutpat in congue etiam justo etiam pretium iaculis justo in hac habitasse platea dictumst etiam faucibus cursus urna ut tellus nulla ut erat id mauris vulputate elementum nullam varius nulla facilisi cras non velit nec nisi vulputate nonummy maecenas tincidunt lacus at velit vivamus vel nulla eget eros elementum pellentesque quisque porta volutpat erat quisque erat eros viverra eget congue eget semper rutrum nulla nunc purus phasellus in felis', 44, 44, '2020-05-19', '2021-06-19');
insert into Article_comment (id, content, article_id, writer_id, created_at, updated_at) values (45, 'orci luctus et ultrices posuere cubilia curae donec pharetra magna vestibulum aliquet ultrices erat tortor sollicitudin mi sit amet lobortis sapien sapien non mi integer ac neque duis bibendum morbi non quam nec dui luctus rutrum nulla tellus in sagittis dui vel nisl duis ac nibh fusce lacus purus aliquet', 45, 45, '2022-02-01', '2021-03-29');
insert into Article_comment (id, content, article_id, writer_id, created_at, updated_at) values (46, 'accumsan tellus nisi eu orci mauris lacinia sapien quis libero nullam sit amet turpis elementum ligula vehicula consequat morbi a ipsum integer a nibh in quis justo maecenas rhoncus aliquam', 46, 46, '2020-01-09', '2020-10-25');
insert into Article_comment (id, content, article_id, writer_id, created_at, updated_at) values (47, 'diam cras pellentesque volutpat dui maecenas tristique est et tempus semper est quam pharetra magna ac consequat metus sapien ut nunc vestibulum ante ipsum primis in faucibus orci luctus et ultrices posuere cubilia curae mauris viverra diam vitae quam suspendisse potenti nullam porttitor lacus at turpis donec posuere metus vitae ipsum aliquam non mauris morbi non lectus aliquam sit amet diam in magna bibendum imperdiet nullam orci pede venenatis non sodales sed tincidunt eu felis fusce posuere felis sed lacus', 47, 47, '2022-04-30', '2020-04-10');
insert into Article_comment (id, content, article_id, writer_id, created_at, updated_at) values (48, 'praesent blandit lacinia erat vestibulum sed magna at nunc commodo placerat praesent blandit nam nulla integer pede justo', 48, 48, '2022-07-13', '2021-12-11');
insert into Article_comment (id, content, article_id, writer_id, created_at, updated_at) values (49, 'amet erat nulla tempus vivamus in felis eu sapien cursus vestibulum proin eu mi nulla ac enim in tempor turpis nec euismod scelerisque quam turpis adipiscing lorem vitae mattis nibh ligula nec sem duis aliquam convallis nunc proin at turpis a pede posuere nonummy integer', 49, 49, '2022-12-26', '2021-02-10');
insert into Article_comment (id, content, article_id, writer_id, created_at, updated_at) values (50, 'vestibulum ante ipsum primis in faucibus orci luctus et ultrices posuere cubilia curae donec pharetra magna vestibulum aliquet ultrices erat tortor sollicitudin mi sit amet lobortis sapien sapien non mi integer ac neque duis bibendum morbi non quam nec dui luctus rutrum nulla tellus in sagittis dui vel nisl duis ac nibh fusce lacus purus aliquet at feugiat non', 50, 50, '2020-05-19', '2020-02-02');
insert into Article_comment (id, content, article_id, writer_id, created_at, updated_at) values (51, 'luctus et ultrices posuere cubilia curae donec pharetra magna vestibulum aliquet ultrices erat tortor sollicitudin mi', 51, 51, '2021-08-09', '2022-03-22');
insert into Article_comment (id, content, article_id, writer_id, created_at, updated_at) values (52, 'vestibulum quam sapien varius ut blandit non interdum in ante vestibulum ante ipsum primis in faucibus orci luctus et ultrices posuere cubilia curae duis faucibus accumsan odio curabitur convallis duis consequat dui nec nisi volutpat eleifend donec ut dolor morbi vel lectus in quam fringilla rhoncus mauris enim leo rhoncus sed vestibulum sit amet cursus id turpis integer aliquet massa id lobortis convallis tortor risus dapibus augue vel accumsan tellus nisi eu orci mauris lacinia sapien quis libero nullam sit amet turpis elementum ligula vehicula consequat morbi a ipsum integer a nibh in', 52, 52, '2022-07-04', '2020-10-28');
insert into Article_comment (id, content, article_id, writer_id, created_at, updated_at) values (53, 'ac neque duis bibendum morbi non quam nec dui luctus rutrum nulla tellus in sagittis dui vel nisl duis ac nibh fusce lacus purus aliquet at feugiat non pretium quis lectus suspendisse potenti in eleifend quam a odio in', 53, 53, '2020-09-02', '2020-01-10');
insert into Article_comment (id, content, article_id, writer_id, created_at, updated_at) values (54, 'dolor quis odio consequat varius integer ac leo pellentesque ultrices mattis odio donec vitae nisi nam ultrices libero non mattis pulvinar nulla pede ullamcorper augue a suscipit nulla elit ac nulla sed vel enim sit amet nunc viverra dapibus nulla suscipit ligula in lacus curabitur at', 54, 54, '2022-08-26', '2020-06-21');
insert into Article_comment (id, content, article_id, writer_id, created_at, updated_at) values (55, 'non interdum in ante vestibulum ante ipsum primis in faucibus orci luctus et ultrices posuere cubilia curae duis faucibus accumsan odio curabitur convallis duis consequat dui nec nisi volutpat eleifend donec ut dolor morbi vel lectus in quam fringilla rhoncus mauris enim leo rhoncus sed vestibulum sit amet cursus id turpis integer aliquet massa id lobortis convallis tortor risus dapibus augue vel accumsan tellus nisi eu orci mauris lacinia sapien quis libero nullam sit amet turpis elementum ligula vehicula consequat morbi a ipsum integer a nibh in', 55, 55, '2021-10-14', '2020-10-30');
insert into Article_comment (id, content, article_id, writer_id, created_at, updated_at) values (56, 'odio elementum eu interdum eu tincidunt in leo maecenas pulvinar lobortis est phasellus sit amet erat nulla tempus vivamus in felis eu sapien cursus vestibulum proin eu mi nulla ac enim in tempor turpis nec euismod scelerisque quam turpis adipiscing lorem vitae mattis nibh ligula nec sem duis aliquam convallis nunc proin at turpis a pede posuere nonummy integer non velit donec diam neque vestibulum eget vulputate ut ultrices vel augue vestibulum ante ipsum primis in faucibus orci luctus et ultrices posuere cubilia curae donec pharetra magna vestibulum aliquet ultrices erat tortor sollicitudin mi sit amet lobortis sapien', 56, 56, '2020-11-20', '2021-05-25');
insert into Article_comment (id, content, article_id, writer_id, created_at, updated_at) values (57, 'mi nulla ac enim in tempor turpis nec euismod scelerisque quam turpis adipiscing lorem vitae mattis nibh ligula nec sem duis aliquam convallis nunc proin at turpis a pede posuere nonummy integer non velit donec diam neque vestibulum eget vulputate ut ultrices vel augue vestibulum ante ipsum primis in faucibus orci luctus et ultrices posuere cubilia curae donec pharetra magna vestibulum aliquet ultrices erat tortor sollicitudin mi sit amet lobortis sapien sapien non mi integer ac neque duis bibendum morbi non quam nec dui luctus rutrum nulla tellus in sagittis dui vel nisl duis ac nibh fusce lacus purus aliquet at feugiat non pretium quis lectus suspendisse potenti in eleifend quam a odio in hac habitasse platea dictumst maecenas', 57, 57, '2020-11-28', '2022-01-18');
insert into Article_comment (id, content, article_id, writer_id, created_at, updated_at) values (58, 'donec posuere metus vitae ipsum aliquam non mauris morbi non lectus aliquam sit amet diam in magna bibendum imperdiet nullam orci pede venenatis non sodales sed tincidunt eu felis fusce posuere felis sed lacus morbi sem mauris laoreet ut rhoncus aliquet pulvinar sed nisl nunc rhoncus dui vel sem sed sagittis nam congue risus semper porta volutpat quam pede lobortis ligula sit amet eleifend pede libero quis orci nullam molestie nibh in lectus pellentesque at nulla suspendisse potenti cras in purus eu magna vulputate luctus cum sociis', 58, 58, '2022-03-06', '2022-08-20');
insert into Article_comment (id, content, article_id, writer_id, created_at, updated_at) values (59, 'enim leo rhoncus sed vestibulum sit amet cursus id turpis integer aliquet massa id lobortis convallis tortor', 59, 59, '2021-01-18', '2020-06-21');
insert into Article_comment (id, content, article_id, writer_id, created_at, updated_at) values (60, 'tortor id nulla ultrices aliquet maecenas', 60, 60, '2021-12-13', '2022-01-06');
insert into Article_comment (id, content, article_id, writer_id, created_at, updated_at) values (61, 'libero ut massa volutpat convallis morbi odio odio elementum eu interdum eu tincidunt in leo maecenas pulvinar lobortis est phasellus sit amet erat nulla tempus vivamus in felis eu sapien cursus vestibulum proin eu mi nulla ac enim in tempor turpis nec euismod scelerisque quam turpis adipiscing lorem vitae mattis nibh ligula nec', 61, 61, '2020-03-21', '2020-05-29');
insert into Article_comment (id, content, article_id, writer_id, created_at, updated_at) values (62, 'iaculis justo in hac habitasse platea dictumst etiam faucibus cursus urna ut tellus nulla ut erat id mauris vulputate elementum nullam varius nulla facilisi cras non velit nec nisi vulputate nonummy maecenas tincidunt lacus at velit vivamus vel nulla eget eros elementum pellentesque quisque porta volutpat erat quisque erat eros viverra eget congue eget semper rutrum nulla nunc purus phasellus in felis donec semper sapien a libero nam dui proin leo odio porttitor id consequat in consequat ut nulla sed accumsan felis ut at dolor quis odio consequat varius integer ac leo pellentesque ultrices mattis odio donec vitae nisi', 62, 62, '2020-10-18', '2020-06-21');
insert into Article_comment (id, content, article_id, writer_id, created_at, updated_at) values (63, 'curabitur convallis duis consequat dui nec nisi volutpat eleifend donec ut dolor morbi vel lectus in quam fringilla rhoncus mauris enim leo rhoncus sed vestibulum sit amet cursus id turpis integer aliquet massa id lobortis convallis tortor risus dapibus augue vel accumsan tellus nisi eu orci mauris lacinia sapien quis libero nullam sit amet turpis elementum ligula vehicula consequat morbi a ipsum integer a nibh in quis justo maecenas rhoncus aliquam lacus morbi quis tortor id nulla ultrices aliquet maecenas leo odio condimentum id luctus nec molestie sed justo pellentesque viverra pede ac diam cras pellentesque volutpat dui maecenas tristique est', 63, 63, '2020-05-24', '2020-10-02');
insert into Article_comment (id, content, article_id, writer_id, created_at, updated_at) values (64, 'ultrices mattis odio donec vitae nisi nam ultrices libero non mattis pulvinar nulla pede ullamcorper augue a suscipit nulla elit ac nulla sed vel enim sit amet nunc viverra', 64, 64, '2020-02-10', '2022-05-09');
insert into Article_comment (id, content, article_id, writer_id, created_at, updated_at) values (65, 'vel sem sed sagittis nam congue risus semper porta volutpat quam pede lobortis ligula sit amet eleifend pede libero quis orci nullam molestie nibh in lectus pellentesque at nulla suspendisse potenti cras in purus eu magna vulputate luctus cum sociis natoque penatibus et magnis dis parturient montes nascetur ridiculus mus vivamus vestibulum sagittis sapien cum sociis natoque penatibus et magnis dis parturient montes nascetur ridiculus mus etiam vel augue vestibulum rutrum rutrum neque aenean auctor gravida sem praesent id massa id nisl venenatis lacinia aenean', 65, 65, '2020-08-11', '2020-09-29');
insert into Article_comment (id, content, article_id, writer_id, created_at, updated_at) values (66, 'platea dictumst maecenas ut massa quis augue luctus tincidunt nulla mollis molestie lorem quisque ut erat curabitur gravida nisi at nibh in hac habitasse platea dictumst aliquam augue quam sollicitudin vitae consectetuer eget rutrum at lorem integer tincidunt ante vel ipsum praesent blandit lacinia erat vestibulum sed magna at nunc commodo placerat praesent blandit nam nulla integer pede justo lacinia eget tincidunt eget tempus vel pede morbi porttitor lorem id ligula suspendisse ornare consequat lectus in est risus auctor sed tristique in tempus sit amet sem fusce consequat nulla nisl nunc nisl', 66, 66, '2020-03-17', '2021-07-26');
insert into Article_comment (id, content, article_id, writer_id, created_at, updated_at) values (67, 'proin at turpis a pede posuere nonummy integer non velit donec diam neque vestibulum eget vulputate ut ultrices vel augue vestibulum ante ipsum primis in faucibus orci luctus et ultrices posuere cubilia curae donec pharetra magna vestibulum aliquet ultrices erat tortor sollicitudin mi sit amet lobortis sapien sapien non mi integer ac neque duis bibendum morbi non quam nec dui luctus rutrum nulla tellus in sagittis', 67, 67, '2022-02-13', '2022-03-22');
insert into Article_comment (id, content, article_id, writer_id, created_at, updated_at) values (68, 'ligula nec sem duis aliquam convallis nunc proin at turpis a pede posuere nonummy integer non velit donec diam neque vestibulum eget vulputate ut ultrices vel augue vestibulum ante ipsum primis in faucibus orci luctus et ultrices posuere cubilia curae donec pharetra magna vestibulum aliquet ultrices erat tortor sollicitudin mi sit amet lobortis sapien sapien non mi integer ac neque duis bibendum morbi non quam nec dui luctus rutrum nulla tellus in sagittis dui vel nisl duis ac nibh fusce lacus purus aliquet at feugiat non pretium quis lectus suspendisse potenti in eleifend quam a odio in hac habitasse platea dictumst maecenas ut massa quis', 68, 68, '2020-05-15', '2020-05-03');
insert into Article_comment (id, content, article_id, writer_id, created_at, updated_at) values (69, 'rutrum nulla tellus in sagittis dui vel nisl duis ac nibh fusce lacus purus aliquet at feugiat non pretium quis lectus suspendisse potenti in eleifend quam a odio in hac habitasse platea dictumst maecenas ut massa quis augue luctus tincidunt nulla mollis molestie lorem quisque ut erat curabitur gravida nisi at nibh in hac habitasse platea dictumst aliquam augue quam sollicitudin vitae consectetuer eget rutrum at lorem integer tincidunt ante vel ipsum praesent blandit lacinia erat vestibulum sed magna at nunc commodo placerat praesent blandit nam nulla integer pede justo lacinia eget tincidunt eget tempus', 69, 69, '2021-03-18', '2020-10-08');
insert into Article_comment (id, content, article_id, writer_id, created_at, updated_at) values (70, 'enim blandit mi in porttitor pede justo eu massa donec dapibus duis at velit eu est congue elementum in', 70, 70, '2021-08-08', '2022-01-20');
insert into Article_comment (id, content, article_id, writer_id, created_at, updated_at) values (71, 'sed sagittis nam congue risus semper porta volutpat quam pede lobortis ligula sit amet eleifend pede libero quis orci nullam molestie nibh in lectus pellentesque', 71, 71, '2022-06-10', '2022-05-17');
insert into Article_comment (id, content, article_id, writer_id, created_at, updated_at) values (72, 'donec semper sapien a libero nam dui proin leo odio porttitor id consequat in consequat ut nulla sed accumsan felis ut at dolor quis odio consequat varius integer ac leo pellentesque ultrices mattis odio donec vitae nisi nam ultrices libero non mattis pulvinar nulla pede ullamcorper augue a suscipit nulla elit ac nulla sed', 72, 72, '2022-12-13', '2020-06-17');
insert into Article_comment (id, content, article_id, writer_id, created_at, updated_at) values (73, 'non velit nec nisi vulputate nonummy maecenas tincidunt lacus at velit vivamus vel nulla eget eros elementum pellentesque quisque porta volutpat erat quisque erat eros viverra eget congue eget semper rutrum nulla nunc purus phasellus in felis donec semper sapien a libero nam dui proin leo odio porttitor id consequat in consequat ut nulla sed accumsan felis ut at dolor quis odio consequat varius integer ac leo pellentesque ultrices mattis odio donec vitae nisi nam ultrices libero non mattis pulvinar nulla pede ullamcorper augue a suscipit nulla elit ac nulla sed vel enim sit amet nunc viverra dapibus nulla suscipit ligula in lacus curabitur at ipsum ac tellus semper interdum mauris ullamcorper purus sit amet', 73, 73, '2022-12-23', '2022-02-23');
insert into Article_comment (id, content, article_id, writer_id, created_at, updated_at) values (74, 'a pede posuere nonummy integer non velit donec diam neque vestibulum eget vulputate ut ultrices vel augue vestibulum ante ipsum primis in faucibus orci luctus et ultrices posuere cubilia curae donec pharetra magna vestibulum aliquet ultrices erat tortor sollicitudin mi sit amet lobortis sapien sapien non mi integer ac neque duis bibendum morbi non quam', 74, 74, '2020-06-18', '2022-06-26');
insert into Article_comment (id, content, article_id, writer_id, created_at, updated_at) values (75, 'maecenas tristique est et tempus semper est quam pharetra magna ac consequat metus sapien ut nunc vestibulum ante ipsum primis in faucibus orci luctus et ultrices posuere cubilia curae mauris viverra diam vitae quam suspendisse potenti nullam porttitor lacus at turpis donec posuere metus vitae ipsum aliquam non mauris morbi non lectus aliquam sit amet diam in magna bibendum imperdiet nullam orci pede venenatis non sodales sed tincidunt eu felis fusce posuere felis sed lacus morbi sem mauris laoreet ut rhoncus aliquet pulvinar sed nisl nunc rhoncus dui vel sem sed sagittis nam congue risus semper porta volutpat quam pede lobortis ligula sit amet eleifend', 75, 75, '2021-05-11', '2022-06-26');
insert into Article_comment (id, content, article_id, writer_id, created_at, updated_at) values (76, 'vivamus in felis eu sapien cursus vestibulum proin eu mi nulla ac enim in tempor turpis nec euismod scelerisque quam turpis adipiscing lorem vitae mattis nibh ligula nec sem duis aliquam convallis nunc proin at turpis a pede posuere nonummy integer non velit donec diam neque vestibulum eget vulputate ut ultrices vel augue vestibulum ante ipsum primis in faucibus orci luctus et ultrices posuere cubilia curae donec pharetra magna vestibulum aliquet ultrices erat tortor sollicitudin mi sit amet lobortis sapien sapien non mi integer ac neque duis bibendum morbi non quam nec dui luctus rutrum nulla tellus in sagittis dui vel nisl duis ac nibh fusce lacus purus aliquet at feugiat non pretium quis lectus suspendisse potenti in eleifend', 76, 76, '2021-04-27', '2021-07-25');
insert into Article_comment (id, content, article_id, writer_id, created_at, updated_at) values (77, 'erat volutpat in congue etiam justo etiam pretium iaculis justo in hac habitasse platea dictumst etiam faucibus cursus urna ut tellus nulla ut erat id mauris vulputate elementum nullam varius nulla facilisi cras non velit nec nisi vulputate nonummy maecenas tincidunt lacus at velit vivamus vel nulla eget eros elementum pellentesque quisque porta volutpat erat quisque erat eros viverra eget congue eget semper rutrum nulla nunc purus phasellus in felis donec semper sapien a libero nam dui proin leo odio porttitor id consequat in consequat ut nulla sed accumsan felis ut at dolor quis odio consequat varius integer ac leo pellentesque ultrices mattis odio donec vitae nisi nam ultrices libero non mattis pulvinar nulla pede ullamcorper augue', 77, 77, '2021-04-20', '2021-09-20');
insert into Article_comment (id, content, article_id, writer_id, created_at, updated_at) values (78, 'tristique est et tempus semper est quam pharetra magna ac consequat metus sapien ut nunc vestibulum ante ipsum primis in faucibus orci luctus et ultrices posuere cubilia curae mauris viverra diam vitae quam suspendisse potenti nullam porttitor lacus at turpis donec posuere metus vitae ipsum aliquam non mauris morbi non lectus aliquam sit amet diam in magna bibendum imperdiet nullam orci pede venenatis non sodales sed tincidunt eu felis fusce posuere felis sed lacus morbi sem mauris laoreet ut rhoncus aliquet pulvinar sed nisl nunc rhoncus dui vel sem sed sagittis nam congue risus semper porta volutpat quam pede lobortis ligula sit amet eleifend pede libero quis orci nullam molestie nibh in lectus', 78, 78, '2020-02-28', '2021-10-18');
insert into Article_comment (id, content, article_id, writer_id, created_at, updated_at) values (79, 'leo maecenas pulvinar lobortis est phasellus sit amet erat nulla tempus vivamus in felis eu sapien cursus vestibulum proin eu mi nulla ac enim in tempor turpis nec euismod scelerisque quam turpis adipiscing lorem vitae mattis nibh ligula nec sem duis aliquam convallis nunc proin at turpis a pede posuere nonummy integer non velit donec diam neque vestibulum eget vulputate ut ultrices vel augue vestibulum ante ipsum primis in faucibus orci luctus et ultrices posuere cubilia curae donec pharetra magna vestibulum aliquet ultrices erat tortor sollicitudin mi sit amet lobortis sapien sapien non mi integer ac neque duis bibendum morbi non quam nec dui luctus rutrum nulla tellus in sagittis dui vel', 79, 79, '2020-09-24', '2021-12-17');
insert into Article_comment (id, content, article_id, writer_id, created_at, updated_at) values (80, 'tortor sollicitudin mi sit amet lobortis sapien sapien non mi integer ac neque duis bibendum morbi non quam nec dui luctus rutrum nulla tellus in sagittis dui vel nisl duis ac nibh fusce lacus purus aliquet at feugiat non pretium quis lectus suspendisse potenti in eleifend quam a odio in hac habitasse platea dictumst maecenas ut', 80, 80, '2021-01-28', '2022-03-28');
insert into Article_comment (id, content, article_id, writer_id, created_at, updated_at) values (81, 'id lobortis convallis tortor risus dapibus augue vel accumsan tellus nisi eu orci mauris lacinia sapien quis libero nullam sit amet turpis elementum ligula vehicula consequat morbi a ipsum integer a nibh in quis justo maecenas rhoncus aliquam lacus morbi quis tortor id nulla ultrices aliquet maecenas leo odio condimentum id luctus nec molestie sed justo pellentesque viverra pede ac diam cras pellentesque volutpat dui maecenas tristique est et tempus semper est quam pharetra magna ac consequat metus', 81, 81, '2021-08-16', '2020-06-10');
insert into Article_comment (id, content, article_id, writer_id, created_at, updated_at) values (82, 'quis orci eget orci', 82, 82, '2021-12-13', '2021-08-05');
insert into Article_comment (id, content, article_id, writer_id, created_at, updated_at) values (83, 'ipsum praesent blandit lacinia erat vestibulum sed magna at nunc commodo placerat praesent blandit nam nulla integer pede justo lacinia eget tincidunt eget tempus vel pede morbi porttitor lorem id ligula suspendisse ornare consequat lectus in est risus auctor sed tristique in tempus sit amet sem fusce consequat nulla nisl nunc nisl duis bibendum felis sed interdum venenatis turpis enim blandit mi in porttitor pede justo eu massa donec dapibus duis at velit eu est congue elementum in hac habitasse platea dictumst morbi vestibulum velit id pretium iaculis diam erat fermentum justo nec condimentum neque sapien placerat ante nulla justo', 83, 83, '2021-02-26', '2022-05-17');
insert into Article_comment (id, content, article_id, writer_id, created_at, updated_at) values (84, 'sed justo pellentesque viverra pede ac diam cras pellentesque volutpat dui maecenas tristique est et tempus semper est quam pharetra magna ac consequat metus sapien ut nunc vestibulum ante ipsum primis in faucibus orci luctus et ultrices posuere cubilia curae mauris viverra diam vitae quam suspendisse potenti nullam porttitor lacus at', 84, 84, '2020-09-22', '2021-09-07');
insert into Article_comment (id, content, article_id, writer_id, created_at, updated_at) values (85, 'convallis tortor risus dapibus augue vel accumsan tellus nisi eu orci mauris lacinia sapien quis libero nullam sit amet turpis elementum ligula vehicula consequat morbi a ipsum integer a nibh in quis justo maecenas rhoncus aliquam lacus morbi quis tortor id nulla ultrices aliquet maecenas leo odio condimentum id luctus nec molestie sed justo pellentesque viverra pede ac diam cras pellentesque volutpat dui maecenas tristique est et tempus semper est quam pharetra magna ac consequat metus sapien ut nunc vestibulum ante ipsum primis in faucibus orci luctus et ultrices posuere cubilia', 85, 85, '2022-06-30', '2020-10-21');
insert into Article_comment (id, content, article_id, writer_id, created_at, updated_at) values (86, 'interdum venenatis turpis enim blandit mi in porttitor pede justo eu massa donec dapibus duis at velit eu est congue elementum in hac habitasse platea dictumst morbi vestibulum velit id pretium iaculis diam erat fermentum justo nec condimentum neque sapien placerat ante nulla justo aliquam quis turpis eget elit sodales scelerisque mauris sit amet eros suspendisse accumsan tortor quis turpis sed ante vivamus tortor duis mattis egestas metus aenean fermentum donec', 86, 86, '2021-05-13', '2020-05-08');
insert into Article_comment (id, content, article_id, writer_id, created_at, updated_at) values (87, 'rhoncus sed vestibulum sit amet cursus id turpis integer aliquet massa id lobortis convallis tortor risus dapibus augue vel accumsan tellus nisi eu orci mauris lacinia sapien quis libero nullam sit amet turpis elementum ligula vehicula consequat morbi a ipsum integer a nibh in quis justo maecenas rhoncus aliquam lacus morbi quis tortor id nulla ultrices aliquet maecenas leo odio condimentum id luctus nec molestie sed justo pellentesque viverra pede ac diam cras pellentesque volutpat dui', 87, 87, '2021-12-20', '2022-08-16');
insert into Article_comment (id, content, article_id, writer_id, created_at, updated_at) values (88, 'convallis tortor risus dapibus augue vel accumsan tellus nisi eu orci mauris lacinia sapien quis libero nullam sit amet turpis elementum ligula vehicula consequat morbi a ipsum', 88, 88, '2020-08-07', '2021-05-14');
insert into Article_comment (id, content, article_id, writer_id, created_at, updated_at) values (89, 'eget tincidunt eget tempus vel pede morbi porttitor lorem id ligula', 89, 89, '2019-12-17', '2021-03-17');
insert into Article_comment (id, content, article_id, writer_id, created_at, updated_at) values (90, 'lacus at turpis donec posuere metus vitae ipsum aliquam non mauris morbi non lectus aliquam', 90, 90, '2020-09-08', '2022-04-07');
insert into Article_comment (id, content, article_id, writer_id, created_at, updated_at) values (91, 'sit amet eros suspendisse accumsan tortor quis turpis sed ante vivamus tortor duis mattis egestas metus aenean fermentum donec ut mauris eget massa tempor convallis nulla neque libero convallis eget eleifend luctus ultricies eu nibh quisque id justo sit amet sapien dignissim vestibulum vestibulum ante ipsum primis in faucibus orci luctus et ultrices posuere cubilia curae nulla dapibus dolor vel est donec odio justo sollicitudin ut suscipit a feugiat et eros vestibulum ac est lacinia nisi venenatis tristique fusce congue diam id ornare imperdiet sapien urna pretium nisl ut volutpat sapien arcu sed augue aliquam', 91, 91, '2020-12-26', '2021-09-22');
insert into Article_comment (id, content, article_id, writer_id, created_at, updated_at) values (92, 'pellentesque quisque porta volutpat erat quisque erat eros viverra eget congue eget semper rutrum nulla nunc purus phasellus in felis donec semper sapien a libero nam dui proin leo odio porttitor id consequat in consequat ut nulla sed accumsan felis ut at dolor quis odio consequat varius integer ac leo pellentesque ultrices mattis odio donec vitae nisi nam ultrices libero non mattis pulvinar nulla pede ullamcorper augue a suscipit nulla elit ac nulla sed vel enim sit', 92, 92, '2022-06-24', '2020-09-27');
insert into Article_comment (id, content, article_id, writer_id, created_at, updated_at) values (93, 'tempus vel pede morbi porttitor lorem id ligula suspendisse ornare consequat lectus in est risus auctor sed tristique in tempus sit amet sem fusce consequat nulla nisl nunc nisl duis bibendum felis sed interdum venenatis turpis enim blandit mi in porttitor pede justo eu massa donec dapibus duis at velit eu est congue elementum in hac habitasse platea dictumst morbi vestibulum velit id pretium iaculis diam erat fermentum justo nec condimentum neque sapien placerat ante nulla justo aliquam quis turpis eget', 93, 93, '2021-03-04', '2020-08-31');
insert into Article_comment (id, content, article_id, writer_id, created_at, updated_at) values (94, 'eleifend luctus ultricies eu nibh quisque id justo sit amet sapien dignissim vestibulum vestibulum ante ipsum primis in faucibus orci luctus et ultrices posuere cubilia curae nulla dapibus dolor vel est donec odio justo sollicitudin ut suscipit a feugiat et eros vestibulum ac est lacinia nisi venenatis tristique fusce congue diam id ornare imperdiet sapien urna pretium nisl ut volutpat sapien', 94, 94, '2021-03-24', '2020-03-17');
insert into Article_comment (id, content, article_id, writer_id, created_at, updated_at) values (95, 'posuere cubilia curae duis faucibus accumsan odio curabitur convallis duis consequat dui nec nisi volutpat eleifend donec ut dolor morbi vel lectus in quam fringilla rhoncus mauris enim leo rhoncus sed vestibulum sit amet cursus id turpis integer aliquet massa id lobortis convallis tortor risus dapibus augue vel accumsan tellus nisi eu orci mauris lacinia sapien quis libero nullam sit amet turpis elementum ligula vehicula consequat morbi a ipsum integer a nibh in quis justo maecenas rhoncus aliquam lacus morbi quis tortor id nulla ultrices aliquet maecenas leo odio condimentum id luctus nec molestie sed justo pellentesque viverra pede ac', 95, 95, '2022-11-02', '2021-06-22');
insert into Article_comment (id, content, article_id, writer_id, created_at, updated_at) values (96, 'aliquam non mauris morbi non lectus aliquam sit amet diam in magna bibendum imperdiet nullam orci pede venenatis non sodales sed tincidunt eu felis fusce posuere felis sed lacus morbi sem mauris laoreet ut rhoncus aliquet pulvinar sed nisl nunc rhoncus dui vel sem sed sagittis nam congue risus semper porta volutpat quam pede lobortis ligula sit amet eleifend pede libero quis orci nullam molestie nibh in lectus pellentesque', 96, 96, '2021-10-27', '2021-08-06');
insert into Article_comment (id, content, article_id, writer_id, created_at, updated_at) values (97, 'magnis dis parturient montes nascetur ridiculus mus etiam vel augue vestibulum rutrum rutrum neque aenean auctor gravida sem praesent id massa id nisl venenatis lacinia aenean sit amet justo morbi ut odio cras mi pede malesuada in imperdiet et commodo vulputate justo in blandit ultrices enim lorem ipsum', 97, 97, '2020-04-17', '2020-03-28');
insert into Article_comment (id, content, article_id, writer_id, created_at, updated_at) values (98, 'blandit lacinia erat vestibulum sed magna at nunc commodo placerat praesent blandit nam nulla integer pede justo lacinia eget tincidunt eget tempus vel pede morbi porttitor lorem id ligula suspendisse ornare consequat lectus in est risus auctor sed tristique in tempus sit amet sem fusce consequat nulla nisl nunc nisl duis', 98, 98, '2020-11-13', '2020-02-13');
insert into Article_comment (id, content, article_id, writer_id, created_at, updated_at) values (99, 'in quam fringilla rhoncus mauris enim', 99, 99, '2020-01-15', '2022-12-12');
insert into Article_comment (id, content, article_id, writer_id, created_at, updated_at) values (100, 'id ornare imperdiet sapien urna pretium nisl ut volutpat sapien arcu sed augue aliquam erat volutpat in congue etiam justo etiam pretium iaculis justo in hac habitasse platea dictumst', 100, 100, '2020-02-29', '2022-05-22');
