-- 테스트 계정

-- TODO: 테스트용이지만 비밀번호가 노출된 데이터 세팅. 개선하는 것이 좋을 지 고민해 보자.
insert into user_account (id, password, name, email, phone_number,memo, created_at, updated_at) values
    ('test', '{noop}test', 'test', 'testtest@mail.com', '01077787778', 'I am test.', now(), now());

insert into User_account (id, password, name, email, phone_number, memo, created_at, updated_at) values ('volutpat eleifend', 'tristique in tempus', 'lsambiedge0', 'ccapron0@cdbaby.com', '3533690421', 'a suscipit', '2023-01-01', '2022-09-10');
insert into User_account (id, password, name, email, phone_number, memo, created_at, updated_at) values ('sgazey1', 'tellus nisi eu', 'adominec1', 'sslott1@xrea.com', '2585086558', 'metus', '2022-12-25', '2022-09-19');
insert into User_account (id, password, name, email, phone_number, memo, created_at, updated_at) values ('lpeealess2', 'congue diam id', 'thulburt2', 'dtabbernor2@columbia.edu', '3344632064', 'vulputate luctus cum', '2022-04-23', '2022-12-08');
insert into User_account (id, password, name, email, phone_number, memo, created_at, updated_at) values ('efrankish3', 'in magna', 'vbeckensall3', 'evandenvelden3@wiley.com', '8158521500', 'tincidunt eget', '2022-10-18', '2021-08-03');
insert into User_account (id, password, name, email, phone_number, memo, created_at, updated_at) values ('ekewish4','enim blandit mi', 'gdeviney4', 'dkelinge4@purevolume.com', '7463984931', 'magna ac consequat', '2022-10-27', '2022-11-05');
insert into User_account (id, password, name, email, phone_number, memo, created_at, updated_at) values ('asprey5','nam nulla integer', 'psorey5', 'nhanny5@cbc.ca', '8588528821', '', '2021-10-22', '2022-06-22');
insert into User_account (id, password, name, email, phone_number, memo, created_at, updated_at) values ('slamey6','aliquet ultrices', 'kdilloway6', 'moshiels6@sourceforge.net', '3834185096', '', '2021-08-14', '2022-12-03');
insert into User_account (id, password, name, email, phone_number, memo, created_at, updated_at) values ('pboliver7','duis mattis egestas', 'nmcfall7', 'akornilov7@canalblog.com', '6783972438', 'semper interdum mauris', '2022-12-14', '2021-07-16');
insert into User_account (id, password, name, email, phone_number, memo, created_at, updated_at) values ('hgirsch8', 'vel nulla eget', 'slardeur8', 'vandrey8@artisteer.com', '6524307153', 'nullam porttitor lacus', '2022-11-12', '2021-07-07');
insert into User_account (id, password, name, email, phone_number, memo, created_at, updated_at) values ('ccoopman9', 'mauris non', 'adearman9', 'dfagge9@ebay.co.uk', '5484590622', 'in', '2022-11-13', '2023-01-12');
insert into User_account (id, password, name, email, phone_number, memo, created_at, updated_at) values ('gruzeka', 'posuere cubilia curae', 'overchambrea', 'mflasbya@lulu.com', '7158140707', ',', '2021-10-21', '2023-01-01');
insert into User_account (id, password, name, email, phone_number, memo, created_at, updated_at) values ('mebbettb','odio cras', 'afarronb', 'lcrookshanksb@seattletimes.com', '1552312655', '', '2022-08-18', '2022-07-31');
insert into User_account (id, password, name, email, phone_number, memo, created_at, updated_at) values ('mgolbournc', 'congue eget semper', 'nbozworthc', 'nvicarc@soup.io', '7717218458', 'posuere', '2022-06-10', '2022-04-24');
insert into User_account (id, password, name, email, phone_number, memo, created_at, updated_at) values ('gupsaled', 'rhoncus dui vel', 'pfayerbrotherd', 'tmacauleyd@mapy.cz', '3374464407', 'enim sit', '2022-07-17', '2022-01-28');
insert into User_account (id, password, name, email, phone_number, memo, created_at, updated_at) values ('jhamertone','et tempus', 'bbunklee', 'sjelkse@ning.com', '9773423845', '', '2022-03-05', '2022-07-24');
insert into User_account (id, password, name, email, phone_number, memo, created_at, updated_at) values ('sjarrettef', 'quam nec', 'lmelvinf', 'hleonidaf@twitter.com', '6061785467', 'adipiscing', '2022-06-02', '2021-10-18');
insert into User_account (id, password, name, email, phone_number, memo, created_at, updated_at) values ('wmurrellsg', 'nisl ut', 'abissetg', 'cprettyg@trellian.com', '3929799795', '', '2022-05-06', '2021-08-21');
insert into User_account (id, password, name, email, phone_number, memo, created_at, updated_at) values ('jfelthamh','sagittis sapien cum', 'ereilingenh', 'lsouthcombh@artisteer.com', '2954969310', 'neque aenean', '2022-10-24', '2022-08-02');
insert into User_account (id, password, name, email, phone_number, memo, created_at, updated_at) values ('sbamletti','mi integer ac', 'shannabussi', 'ebremleyi@jiathis.com', '3073364997', 'etiam pretium iaculis', '2021-06-18', '2022-09-18');
insert into User_account (id, password, name, email, phone_number, memo, created_at, updated_at) values ('amilehamj','duis at velit', 'mgerckej', 'jcuttenj@booking.com', '8055782284', 'turpis sed', '2021-12-06', '2022-11-18');
insert into User_account (id, password, name, email, phone_number, memo, created_at, updated_at) values ('epopleek', 'sociis natoque', 'bfrankelk', 'ebeak@google.cn', '4838435082', 'donec posuere metus', '2021-09-09', '2022-06-11');
insert into User_account (id, password, name, email, phone_number, memo, created_at, updated_at) values ('sbarettel', 'est lacinia nisi', 'ldmisekl', 'mtoppasl@addtoany.com', '8893780299', '', '2021-06-16', '2023-01-08');
insert into User_account (id, password, name, email, phone_number, memo, created_at, updated_at) values ('kilbertm', 'pretium nisl', 'ctiltm', 'ndagnanm@booking.com', '4366427878', 'ligula in', '2022-09-01', '2023-01-02');
insert into User_account (id, password, name, email, phone_number, memo, created_at, updated_at) values ('bbendtsenn', 'in consequat', 'giskowiczn', 'bguicen@techcrunch.com', '9417168800', 'vestibulum', '2022-06-27', '2022-06-28');
insert into User_account (id, password, name, email, phone_number, memo, created_at, updated_at) values ('gclynmanso', 'sapien quis libero', 'jbackeso', 'lstirmano@dion.ne.jp', '7207448484', 'enim sit', '2022-02-06', '2022-09-05');
insert into User_account (id, password, name, email, phone_number, memo, created_at, updated_at) values ('vsidnellp', 'duis at velit', 'gschwandp', 'apetzoltp@hp.com', '8028599129', 'quam', '2021-07-04', '2022-10-13');
insert into User_account (id, password, name, email, phone_number, memo, created_at, updated_at) values ('ghardemanq','odio elementum eu', 'ikeyesq', 'igreirq@etsy.com', '7112439447', 'risus', '2022-03-20', '2021-12-11');
insert into User_account (id, password, name, email, phone_number, memo, created_at, updated_at) values ('dlamymanr', 'nascetur ridiculus', 'hwiffillr', 'nreadheadr@earthlink.net', '6015752896', 'rutrum', '2022-09-28', '2022-12-09');
insert into User_account (id, password, name, email, phone_number, memo, created_at, updated_at) values ('iingamellss','tincidunt eget tempus', 'nseagraves', 'fbraddens@google.com.br', '8614598840', 'nibh in', '2022-10-08', '2023-01-13');
insert into User_account (id, password, name, email, phone_number, memo, created_at, updated_at) values ('zloidlt', 'orci nullam molestie', 'lblackledget', 'dtabramt@privacy.gov.au', '6083834623', 'vestibulum ante', '2022-01-16', '2021-12-30');
insert into User_account (id, password, name, email, phone_number, memo, created_at, updated_at) values ('odunbletonu', 'integer aliquet', 'dmalteru', 'jchesshireu@phpbb.com', '9032168644', 'morbi vel', '2021-10-12', '2021-08-25');
insert into User_account (id, password, name, email, phone_number, memo, created_at, updated_at) values ('nhinstridgev', 'lectus pellentesque eget', 'ffairclothv', 'ahaddickv@com.com', '3507759382', '', '2021-06-09', '2022-03-27');
insert into User_account (id, password, name, email, phone_number, memo, created_at, updated_at) values ('grevittw','porttitor id consequat', 'mgarlantw', 'mdudeneyw@wisc.edu', '6469739527', '', '2021-07-01', '2021-07-09');
insert into User_account (id, password, name, email, phone_number, memo, created_at, updated_at) values ('cbeaglesx','praesent lectus vestibulum', 'fstuckex', 'cmandersx@guardian.co.uk', '5319618103', 'tempus vivamus', '2023-01-04', '2023-01-11');
insert into User_account (id, password, name, email, phone_number, memo, created_at, updated_at) values ('dwishamy', 'tortor sollicitudin mi', 'rlamiey', 'esawley@java.com', '6029965866', 'felis sed', '2022-07-14', '2021-12-18');
insert into User_account (id, password, name, email, phone_number, memo, created_at, updated_at) values ('tgianneschiz','luctus rutrum nulla', 'tsimcockz', 'mdericotz@printfriendly.com', '1585932496', '', '2021-07-31', '2022-10-02');
insert into User_account (id, password, name, email, phone_number, memo, created_at, updated_at) values ('mrussen10','hac habitasse', 'btooke10', 'smote10@slashdot.org', '8862426275', 'duis faucibus', '2021-06-19', '2022-02-16');
insert into User_account (id, password, name, email, phone_number, memo, created_at, updated_at) values ('rpadginton11','sociis natoque', 'wwork11', 'dlamonby11@opera.com', '6951920310', '', '2022-02-19', '2022-11-18');
insert into User_account (id, password, name, email, phone_number, memo, created_at, updated_at) values ('ebeville12','a nibh in', 'nburtenshaw12', 'alinsley12@pinterest.com', '9245138982', '', '2023-01-11', '2022-03-28');
insert into User_account (id, password, name, email, phone_number, memo, created_at, updated_at) values ('rkenealy13','quis tortor', 'bhouldcroft13', 'ekrebs13@google.ru', '9685261451', 'semper interdum mauris', '2022-11-01', '2022-11-04');
insert into User_account (id, password, name, email, phone_number, memo, created_at, updated_at) values ('sbambridge14','magnis dis', 'pbattleson14', 'hoke14@businessinsider.com', '6169867431', 'felis fusce', '2022-12-05', '2021-07-17');
insert into User_account (id, password, name, email, phone_number, memo, created_at, updated_at) values ('jmaystone15', 'mattis pulvinar', 'lscollan15', 'smcging15@hc360.com', '9018493591', '', '2021-09-29', '2021-06-22');
insert into User_account (id, password, name, email, phone_number, memo, created_at, updated_at) values ('aessex16','bibendum morbi', 'mdonohue16', 'nmacgruer16@usgs.gov', '1355673427', '', '2021-07-29', '2022-10-26');
insert into User_account (id, password, name, email, phone_number, memo, created_at, updated_at) values ('glinfitt17', 'at nunc commodo', 'jwhatley17', 'eweaver17@123-reg.co.uk', '1243162220', 'augue quam sollicitudin', '2022-02-17', '2022-10-22');
insert into User_account (id, password, name, email, phone_number, memo, created_at, updated_at) values ('mcorter18', 'tortor sollicitudin', 'kede18', 'mburnyate18@is.gd', '7376526790', 'at nunc commodo', '2022-09-25', '2021-08-23');
insert into User_account (id, password, name, email, phone_number, memo, created_at, updated_at) values ('tiwanowicz19', 'ultrices posuere cubilia', 'jpennicott19', 'hluna19@bandcamp.com', '4223403265', 'rutrum nulla', '2022-08-08', '2022-06-20');
insert into User_account (id, password, name, email, phone_number, memo, created_at, updated_at) values ('bshapcott1a', 'magna vestibulum aliquet', 'dfriend1a', 'vjacklin1a@shop-pro.jp', '2837038177', '', '2021-07-25', '2021-09-01');
insert into User_account (id, password, name, email, phone_number, memo, created_at, updated_at) values ('rrayer1b','consequat ut', 'telcock1b', 'adezuani1b@sourceforge.net', '7146689069', 'amet sapien dignissim', '2021-10-17', '2021-08-04');
insert into User_account (id, password, name, email, phone_number, memo, created_at, updated_at) values ('kgotcher1c', 'nisl nunc', 'swackley1c', 'sdelagnes1c@chron.com', '9555316261', 'curabitur', '2021-11-04', '2021-08-29');
insert into User_account (id, password, name, email, phone_number, memo, created_at, updated_at) values ('mseadon1d','odio justo sollicitudin', 'gpeattie1d', 'cbradder1d@msu.edu', '6046218578', '', '2022-06-04', '2021-08-27');
insert into User_account (id, password, name, email, phone_number, memo, created_at, updated_at) values ('hpenrice1e','sapien sapien', 'aatyea1e', 'hdulin1e@youtu.be', '8095618789', 'id turpis integer', '2022-05-16', '2021-12-28');
insert into User_account (id, password, name, email, phone_number, memo, created_at, updated_at) values ('gheyball1f','vestibulum ante', 'idumphry1f', 'krodolphe1f@irs.gov', '5847544716', 'ut', '2021-06-13', '2021-10-02');
insert into User_account (id, password, name, email, phone_number, memo, created_at, updated_at) values ('hinchan1g', 'dui proin leo', 'ccareswell1g', 'mvanderplas1g@springer.com', '9967469088', '', '2022-05-25', '2021-09-02');
insert into User_account (id, password, name, email, phone_number, memo, created_at, updated_at) values ('rloblie1h', 'in magna', 'proalfe1h', 'cbenito1h@redcross.org', '5859112995', 'nullam molestie', '2022-12-29', '2022-10-20');
insert into User_account (id, password, name, email, phone_number, memo, created_at, updated_at) values ('etrembley1i', 'diam in', 'bsecret1i', 'szorzini1i@globo.com', '5989047481', '', '2022-09-17', '2022-05-12');
insert into User_account (id, password, name, email, phone_number, memo, created_at, updated_at) values ('ryves1j', 'non mauris morbi', 'vhempel1j', 'mmccuaig1j@devhub.com', '7138800205', '', '2022-02-07', '2021-10-10');
insert into User_account (id, password, name, email, phone_number, memo, created_at, updated_at) values ('mkinastan1k','turpis a pede', 'fcleland1k', 'aframpton1k@scientificamerican.com', '5959967170', 'amet lobortis sapien', '2021-10-23', '2022-03-21');
insert into User_account (id, password, name, email, phone_number, memo, created_at, updated_at) values ('ptucknutt1l','eu est congue', 'sogg1l', 'nspurett1l@storify.com', '3235379695', 'nulla dapibus dolor', '2022-10-18', '2022-01-09');
insert into User_account (id, password, name, email, phone_number, memo, created_at, updated_at) values ('bamori1m', 'id ligula suspendisse', 'pwhitney1m', 'athaller1m@4shared.com', '1502682392', 'accumsan felis', '2021-09-24', '2021-06-20');
insert into User_account (id, password, name, email, phone_number, memo, created_at, updated_at) values ('kkayne1n', 'commodo vulputate justo', 'aasp1n', 'acolgrave1n@upenn.edu', '8322164630', 'iaculis', '2021-09-16', '2022-10-26');
insert into User_account (id, password, name, email, phone_number, memo, created_at, updated_at) values ('dnorthill1o','arcu adipiscing', 'dtrenouth1o', 'dhullyer1o@sohu.com', '1332394370', 'ut suscipit a', '2022-05-17', '2021-12-04');
insert into User_account (id, password, name, email, phone_number, memo, created_at, updated_at) values ('pglyde1p','cubilia curae duis', 'ehuntington1p', 'messelen1p@spiegel.de', '5157713629', 'ut nunc', '2022-05-31', '2022-12-10');
insert into User_account (id, password, name, email, phone_number, memo, created_at, updated_at) values ('tstarbeck1q', 'nisl ut volutpat', 'bnash1q', 'tdruhan1q@nydailynews.com', '4219014802', 'tortor eu', '2022-08-13', '2021-09-18');
insert into User_account (id, password, name, email, phone_number, memo, created_at, updated_at) values ('lgateman1r', 'aliquet at feugiat', 'cyeeles1r', 'wwastall1r@go.com', '6431123884', 'placerat', '2022-05-02', '2022-04-18');
insert into User_account (id, password, name, email, phone_number, memo, created_at, updated_at) values ('kdrain1s','eros suspendisse accumsan', 'bquaife1s', 'sbainton1s@tamu.edu', '9493087680', 'adipiscing lorem vitae', '2021-07-18', '2022-07-21');
insert into User_account (id, password, name, email, phone_number, memo, created_at, updated_at) values ('gridwood1t','pellentesque at nulla', 'fsaggs1t', 'jskegg1t@chicagotribune.com', '5119239915', 'turpis sed', '2022-03-11', '2022-02-13');
insert into User_account (id, password, name, email, phone_number, memo, created_at, updated_at) values ('fgilpin1u', 'lorem ipsum dolor', 'wsnoddon1u', 'hskene1u@wufoo.com', '9796126133', 'nisi vulputate', '2021-09-20', '2021-11-24');
insert into User_account (id, password, name, email, phone_number, memo, created_at, updated_at) values ('gginner1v','ipsum ac tellus', 'ibock1v', 'rwelfare1v@wix.com', '4618626237', 'lectus', '2022-12-05', '2022-06-11');
insert into User_account (id, password, name, email, phone_number, memo, created_at, updated_at) values ('chubback1w','parturient montes', 'rethelstone1w', 'schasson1w@tinypic.com', '4714499332', 'risus auctor sed', '2022-10-27', '2022-10-14');
insert into User_account (id, password, name, email, phone_number, memo, created_at, updated_at) values ('ooland1x','erat nulla tempus', 'ktemperley1x', 'gsainer1x@businessinsider.com', '2074484572', 'ultrices erat', '2022-12-20', '2023-01-11');
insert into User_account (id, password, name, email, phone_number, memo, created_at, updated_at) values ('psnoad1y','sed sagittis', 'wsedman1y', 'kdewitt1y@dailymotion.com', '4185454848', 'arcu libero', '2022-12-03', '2021-09-19');
insert into User_account (id, password, name, email, phone_number, memo, created_at, updated_at) values ('kbischof1z','nulla nisl', 'johowbane1z', 'jkellogg1z@springer.com', '2942315034', '', '2021-08-28', '2021-10-25');
insert into User_account (id, password, name, email, phone_number, memo, created_at, updated_at) values ('ctippetts20','eget tempus', 'pwathey20', 'rcassam20@irs.gov', '7881067633', '', '2022-03-29', '2021-12-23');
insert into User_account (id, password, name, email, phone_number, memo, created_at, updated_at) values ('esaleway21','mattis nibh ligula', 'taslum21', 'melacoate21@nba.com', '7754916956', 'felis donec', '2021-10-31', '2021-09-25');
insert into User_account (id, password, name, email, phone_number, memo, created_at, updated_at) values ('lgarett22', 'tempus vel', 'afahey22', 'lhurran22@nymag.com', '5348974581', '', '2022-08-06', '2022-05-20');
insert into User_account (id, password, name, email, phone_number, memo, created_at, updated_at) values ('elines23','lacinia aenean sit', 'pbruhke23', 'bhawthorne23@cornell.edu', '8109208171', '', '2021-11-17', '2021-07-23');
insert into User_account (id, password, name, email, phone_number, memo, created_at, updated_at) values ('espillett24','accumsan felis', 'sandriolli24', 'dbannister24@scribd.com', '6068153779', 'posuere', '2022-01-21', '2021-07-28');
insert into User_account (id, password, name, email, phone_number, memo, created_at, updated_at) values ('dhuncoot25','eu est congue', 'cduncanson25', 'wdowrey25@tumblr.com', '3715415864', 'ipsum', '2021-08-26', '2021-09-02');
insert into User_account (id, password, name, email, phone_number, memo, created_at, updated_at) values ('mbolin26','etiam justo', 'rdas26', 'rlusgdin26@imgur.com', '4527523879', '', '2022-12-12', '2022-08-22');
insert into User_account (id, password, name, email, phone_number, memo, created_at, updated_at) values ('cvonoertzen27', 'pede ac diam', 'nreckus27', 'jtassell27@jimdo.com', '5335556312', '', '2022-06-14', '2022-01-03');
insert into User_account (id, password, name, email, phone_number, memo, created_at, updated_at) values ('gcaser28', 'nonummy integer non', 'dtuerena28', 'jbarck28@ebay.co.uk', '2856678072', 'suspendisse', '2022-09-18', '2021-10-23');
insert into User_account (id, password, name, email, phone_number, memo, created_at, updated_at) values ('hbutlin29','accumsan felis', 'csilman29', 'dparlatt29@ebay.co.uk', '5433543824', 'felis sed interdum', '2022-10-22', '2021-12-22');
insert into User_account (id, password, name, email, phone_number, memo, created_at, updated_at) values ('ajessard2a','quam suspendisse potenti', 'abrandolini2a', 'ewellington2a@purevolume.com', '1355110330', 'posuere', '2023-01-03', '2023-01-07');
insert into User_account (id, password, name, email, phone_number, memo, created_at, updated_at) values ('kgolson2b','nulla elit', 'tcarhart2b', 'ccorpes2b@webs.com', '4438036443', 'metus arcu', '2021-12-05', '2021-08-18');
insert into User_account (id, password, name, email, phone_number, memo, created_at, updated_at) values ('dcudby2c', 'accumsan felis', 'tmccaughen2c', 'gleteve2c@pcworld.com', '5619227966', 'tellus', '2022-10-27', '2022-06-11');
insert into User_account (id, password, name, email, phone_number, memo, created_at, updated_at) values ('soubridge2d','dolor quis odio', 'kleppingwell2d', 'dabrahmer2d@toplist.cz', '1261511391', '', '2022-10-17', '2021-09-26');
insert into User_account (id, password, name, email, phone_number, memo, created_at, updated_at) values ('rmasic2e', 'accumsan odio curabitur', 'ocuerdall2e', 'tspandley2e@utexas.edu', '9249096123', 'fusce consequat nulla', '2021-06-09', '2022-11-08');
insert into User_account (id, password, name, email, phone_number, memo, created_at, updated_at) values ('mdarlasson2f','ipsum ac tellus', 'dricard2f', 'alacotte2f@vimeo.com', '1203386904', 'magna vestibulum', '2021-07-05', '2023-01-03');
insert into User_account (id, password, name, email, phone_number, memo, created_at, updated_at) values ('gsothcott2g','libero convallis', 'jhinder2g', 'ajonczyk2g@europa.eu', '2451550493', 'et eros vestibulum', '2021-09-11', '2022-11-04');
insert into User_account (id, password, name, email, phone_number, memo, created_at, updated_at) values ('swoodyatt2h','in libero ut', 'noclovan2h', 'pblewett2h@illinois.edu', '5589680969', 'aliquet', '2022-07-02', '2022-09-08');
insert into User_account (id, password, name, email, phone_number, memo, created_at, updated_at) values ('ibenazet2i', 'sem duis aliquam', 'rturner2i', 'hharrismith2i@amazonaws.com', '8416656102', '', '2022-06-19', '2022-07-26');
insert into User_account (id, password, name, email, phone_number, memo, created_at, updated_at) values ('bdubble2j', 'tempus vel pede', 'tsaterthwait2j', 'eferrierio2j@java.com', '1421015863', 'vitae nisl', '2022-06-30', '2021-10-02');
insert into User_account (id, password, name, email, phone_number, memo, created_at, updated_at) values ('ifeely2k', 'risus auctor sed', 'mygo2k', 'gacarson2k@mashable.com', '2999930201', 'proin', '2023-01-13', '2021-06-19');
insert into User_account (id, password, name, email, phone_number, memo, created_at, updated_at) values ('mcrotty2l', 'justo nec', 'rscripps2l', 'smenego2l@nationalgeographic.com', '9984392367', 'sit amet', '2022-08-30', '2022-03-16');
insert into User_account (id, password, name, email, phone_number, memo, created_at, updated_at) values ('esuddaby2m','lorem id ligula', 'bwalding2m', 'otresler2m@google.com.br', '5586124164', 'augue vel accumsan', '2021-09-14', '2021-07-26');
insert into User_account (id, password, name, email, phone_number, memo, created_at, updated_at) values ('rcraufurd2n','sit amet nunc', 'jbilles2n', 'goxtarby2n@barnesandnoble.com', '9719480799', 'luctus', '2022-03-09', '2022-08-03');
insert into User_account (id, password, name, email, phone_number, memo, created_at, updated_at) values ('aallaway2o','rhoncus dui vel', 'esaul2o', 'jlosebie2o@360.cn', '1585048398', 'venenatis tristique', '2021-08-15', '2022-05-06');
insert into User_account (id, password, name, email, phone_number, memo, created_at, updated_at) values ('istaves2p','volutpat quam pede', 'rlivezey2p', 'jcrooke2p@wordpress.org', '3273286870', 'amet nulla quisque', '2022-07-08', '2022-05-01');
insert into User_account (id, password, name, email, phone_number, memo, created_at, updated_at) values ('bkisby2q', 'leo odio porttitor', 'iprowse2q', 'ddemkowicz2q@sina.com.cn', '3252415181', 'vestibulum', '2022-03-08', '2022-11-20');
insert into User_account (id, password, name, email, phone_number, memo, created_at, updated_at) values ('eborres2r','sollicitudin vitae consectetuer', 'pwitard2r', 'cmcatamney2r@indiegogo.com', '6237484911', 'consectetuer adipiscing', '2022-12-02', '2022-12-26');




insert into Article (id, title, content, hashtag, user_id, created_at, updated_at) values (101, 'imperdiet sapien urna pretium nisl ut', 'erat quisque erat eros viverra eget', 'ac', 'volutpat eleifend', '2021-06-17', '2021-06-19');
insert into Article (id, title, content, hashtag, user_id, created_at, updated_at) values (102, 'in tempus sit amet', 'ultrices posuere cubilia curae duis faucibus accumsan odio curabitur', 'eget rutrum', 'sgazey1', '2021-07-03', '2020-03-25');
insert into Article (id, title, content, hashtag, user_id, created_at, updated_at) values (103, 'turpis integer aliquet massa id lobortis convallis tortor', 'sit amet eros suspendisse accumsan tortor quis', 'nisi at nibh in', 'lpeealess2', '2020-10-12', '2022-07-25');
insert into Article (id, title, content, hashtag, user_id, created_at, updated_at) values (4, 'amet lobortis sapien sapien non mi integer ac neque duis', 'at nunc commodo placerat praesent', 'cursus vestibulum proin eu', 'efrankish3', '2021-12-18', '2020-12-26');
insert into Article (id, title, content, hashtag, user_id, created_at, updated_at) values (5, 'in quis justo', 'ac est lacinia nisi venenatis tristique fusce congue diam id', 'eget', 'ekewish4', '2022-06-16', '2022-06-04');
insert into Article (id, title, content, hashtag, user_id, created_at, updated_at) values (6, 'tincidunt in leo', 'phasellus in felis donec semper sapien a libero nam', 'amet turpis elementum', 'asprey5', '2021-09-15', '2022-12-09');
insert into Article (id, title, content, hashtag, user_id, created_at, updated_at) values (7, 'scelerisque mauris', 'elementum pellentesque', 'nullam', 'slamey6', '2022-07-12', '2020-09-11');
insert into Article (id, title, content, hashtag, user_id, created_at, updated_at) values (8, 'sapien non mi integer ac neque duis bibendum morbi non', 'ipsum aliquam non mauris morbi non lectus aliquam sit', 'vulputate ut ultrices', 'pboliver7', '2021-04-29', '2021-03-08');
insert into Article (id, title, content, hashtag, user_id, created_at, updated_at) values (9, 'pellentesque at', 'semper rutrum nulla nunc purus phasellus', 'id ornare imperdiet sapien urna', 'hgirsch8', '2021-08-12', '2020-03-28');
insert into Article (id, title, content, hashtag, user_id, created_at, updated_at) values (10, 'enim leo rhoncus sed vestibulum sit amet cursus id turpis', 'sit amet eleifend pede libero quis orci nullam molestie', 'massa tempor', 'ccoopman9', '2020-07-08', '2022-10-13');
insert into Article (id, title, content, hashtag, user_id, created_at, updated_at) values (11, 'ipsum dolor sit amet consectetuer adipiscing elit proin interdum mauris', 'commodo', 'vulputate luctus cum sociis', 'gruzeka', '2022-07-21', '2020-06-17');
insert into Article (id, title, content, hashtag, user_id, created_at, updated_at) values (12, 'eu sapien cursus', 'ac nibh', 'a ipsum integer a', 'mebbettb', '2021-05-15', '2020-06-24');
insert into Article (id, title, content, hashtag, user_id, created_at, updated_at) values (13, 'nulla dapibus dolor vel est donec odio justo sollicitudin ut', 'varius', 'pharetra magna vestibulum aliquet', 'mgolbournc', '2020-03-17', '2022-09-22');
insert into Article (id, title, content, hashtag, user_id, created_at, updated_at) values (14, 'velit vivamus vel nulla eget eros elementum', 'sociis natoque penatibus et magnis dis parturient', 'consequat', 'gupsaled', '2021-06-16', '2021-02-08');
insert into Article (id, title, content, hashtag, user_id, created_at, updated_at) values (15, 'amet justo', 'iaculis congue vivamus metus arcu adipiscing molestie hendrerit', 'vel nulla eget eros', 'jhamertone', '2021-08-09', '2022-02-14');
insert into Article (id, title, content, hashtag, user_id, created_at, updated_at) values (16, 'pretium quis lectus suspendisse potenti in eleifend', 'justo aliquam', 'dui proin', 'sjarrettef', '2021-09-19', '2021-09-03');
insert into Article (id, title, content, hashtag, user_id, created_at, updated_at) values (17, 'suspendisse ornare consequat lectus in', 'pellentesque at nulla suspendisse potenti cras in purus eu magna', 'arcu libero', 'wmurrellsg', '2021-08-25', '2022-12-07');
insert into Article (id, title, content, hashtag, user_id, created_at, updated_at) values (18, 'pretium iaculis justo in hac habitasse', 'urna pretium nisl ut volutpat sapien arcu sed augue', 'in', 'jfelthamh', '2021-05-26', '2023-01-01');
insert into Article (id, title, content, hashtag, user_id, created_at, updated_at) values (19, 'maecenas tincidunt', 'etiam vel augue vestibulum rutrum', 'in porttitor pede justo', 'sbamletti', '2021-10-20', '2020-12-08');
insert into Article (id, title, content, hashtag, user_id, created_at, updated_at) values (20, 'vivamus vestibulum', 'augue quam sollicitudin vitae consectetuer eget', 'odio', 'amilehamj', '2020-10-06', '2020-10-06');
insert into Article (id, title, content, hashtag, user_id, created_at, updated_at) values (21, 'convallis', 'justo etiam pretium iaculis justo in hac habitasse', 'nulla ultrices aliquet maecenas leo', 'epopleek', '2020-06-09', '2022-05-22');
insert into Article (id, title, content, hashtag, user_id, created_at, updated_at) values (22, 'in tempus sit amet sem fusce consequat nulla nisl nunc', 'tellus nisi eu', 'posuere cubilia curae nulla', 'sbarettel', '2020-09-30', '2020-12-06');
insert into Article (id, title, content, hashtag, user_id, created_at, updated_at) values (23, 'erat vestibulum sed magna at nunc', 'eleifend quam a odio in hac habitasse platea', 'nisl', 'kilbertm', '2022-03-12', '2019-12-05');
insert into Article (id, title, content, hashtag, user_id, created_at, updated_at) values (24, 'cras pellentesque volutpat dui', 'ante ipsum primis in faucibus orci', 'tempor', 'bbendtsenn', '2021-12-19', '2020-05-27');
insert into Article (id, title, content, hashtag, user_id, created_at, updated_at) values (25, 'gravida sem', 'pharetra magna vestibulum aliquet ultrices', 'integer non velit', 'gclynmanso', '2021-06-28', '2022-10-22');
insert into Article (id, title, content, hashtag, user_id, created_at, updated_at) values (26, 'phasellus in felis donec semper sapien a libero nam', 'hac habitasse platea dictumst maecenas ut', 'nonummy maecenas', 'vsidnellp', '2020-04-11', '2021-10-04');
insert into Article (id, title, content, hashtag, user_id, created_at, updated_at) values (27, 'turpis adipiscing lorem vitae mattis nibh ligula nec sem duis', 'ligula vehicula consequat morbi a ipsum integer a nibh', 'porttitor lorem', 'ghardemanq', '2021-01-02', '2022-02-09');
insert into Article (id, title, content, hashtag, user_id, created_at, updated_at) values (28, 'eros viverra', 'eros viverra eget', 'id', 'dlamymanr', '2020-10-11', '2021-03-20');
insert into Article (id, title, content, hashtag, user_id, created_at, updated_at) values (29, 'nisl duis ac nibh fusce lacus purus', 'adipiscing', 'mi pede', 'iingamellss', '2022-10-14', '2021-02-17');
insert into Article (id, title, content, hashtag, user_id, created_at, updated_at) values (30, 'integer ac leo', 'aliquam sit amet diam', 'non mauris morbi', 'zloidlt', '2020-09-04', '2021-01-26');
insert into Article (id, title, content, hashtag, user_id, created_at, updated_at) values (31, 'erat vestibulum sed magna at', 'fusce congue diam id ornare imperdiet sapien urna pretium nisl', 'augue vestibulum ante ipsum primis', 'odunbletonu', '2021-06-28', '2020-03-11');
insert into Article (id, title, content, hashtag, user_id, created_at, updated_at) values (32, 'pulvinar nulla pede', 'integer ac neque duis bibendum morbi non quam nec dui', 'porta volutpat', 'nhinstridgev', '2020-03-21', '2021-09-16');
insert into Article (id, title, content, hashtag, user_id, created_at, updated_at) values (33, 'vestibulum', 'vel nisl duis ac nibh fusce lacus purus aliquet at', 'lobortis est phasellus sit amet', 'grevittw', '2020-02-14', '2022-05-10');
insert into Article (id, title, content, hashtag, user_id, created_at, updated_at) values (34, 'et ultrices posuere', 'platea dictumst morbi vestibulum velit id', 'montes nascetur ridiculus mus', 'cbeaglesx', '2022-12-25', '2020-09-08');
insert into Article (id, title, content, hashtag, user_id, created_at, updated_at) values (35, 'urna ut tellus', 'nulla eget eros elementum', 'mauris morbi non lectus', 'dwishamy', '2020-11-29', '2021-09-22');
insert into Article (id, title, content, hashtag, user_id, created_at, updated_at) values (36, 'venenatis non sodales sed tincidunt', 'eros', 'in imperdiet', 'tgianneschiz', '2021-10-24', '2020-08-20');
insert into Article (id, title, content, hashtag, user_id, created_at, updated_at) values (37, 'donec dapibus duis at velit eu est congue', 'id mauris vulputate elementum nullam varius', 'massa quis', 'mrussen10', '2022-11-29', '2020-05-06');
insert into Article (id, title, content, hashtag, user_id, created_at, updated_at) values (38, 'sapien dignissim vestibulum vestibulum ante ipsum primis', 'penatibus et magnis dis parturient montes nascetur', 'aenean auctor gravida sem', 'rpadginton11', '2020-09-20', '2022-10-25');
insert into Article (id, title, content, hashtag, user_id, created_at, updated_at) values (39, 'vivamus metus arcu adipiscing molestie hendrerit at vulputate', 'diam vitae quam suspendisse potenti nullam porttitor lacus at turpis', 'venenatis tristique fusce congue diam', 'ebeville12', '2021-11-26', '2021-08-07');
insert into Article (id, title, content, hashtag, user_id, created_at, updated_at) values (40, 'pretium nisl ut volutpat sapien arcu sed augue', 'ut dolor morbi', 'ut ultrices', 'rkenealy13', '2020-07-24', '2020-12-18');
insert into Article (id, title, content, hashtag, user_id, created_at, updated_at) values (41, 'parturient montes', 'volutpat eleifend', 'commodo placerat praesent blandit', 'sbambridge14', '2020-12-04', '2020-06-16');
insert into Article (id, title, content, hashtag, user_id, created_at, updated_at) values (42, 'diam vitae quam suspendisse potenti nullam porttitor lacus', 'viverra eget congue eget semper', 'cras', 'jmaystone15', '2022-02-18', '2022-03-23');
insert into Article (id, title, content, hashtag, user_id, created_at, updated_at) values (43, 'sit amet turpis elementum ligula', 'leo odio condimentum id luctus nec molestie sed justo', 'posuere felis sed', 'aessex16', '2022-10-27', '2020-01-18');
insert into Article (id, title, content, hashtag, user_id, created_at, updated_at) values (44, 'erat tortor sollicitudin mi sit amet lobortis sapien', 'purus sit amet nulla quisque arcu libero rutrum ac lobortis', 'diam vitae quam suspendisse', 'glinfitt17', '2022-03-28', '2020-08-03');
insert into Article (id, title, content, hashtag, user_id, created_at, updated_at) values (45, 'dolor', 'quisque arcu libero rutrum ac lobortis vel', 'ligula suspendisse ornare consequat lectus', 'mcorter18', '2022-06-30', '2021-04-12');
insert into Article (id, title, content, hashtag, user_id, created_at, updated_at) values (46, 'gravida sem praesent id massa id', 'vulputate vitae nisl aenean lectus pellentesque', 'a feugiat et', 'tiwanowicz19', '2022-09-01', '2020-08-12');
insert into Article (id, title, content, hashtag, user_id, created_at, updated_at) values (47, 'sem praesent id massa id nisl venenatis lacinia', 'lacinia sapien quis libero nullam sit amet turpis elementum ligula', 'mattis', 'bshapcott1a', '2022-11-28', '2022-10-21');
insert into Article (id, title, content, hashtag, user_id, created_at, updated_at) values (48, 'sem mauris laoreet', 'quam turpis adipiscing lorem vitae mattis', 'non velit', 'rrayer1b', '2021-01-29', '2021-04-02');
insert into Article (id, title, content, hashtag, user_id, created_at, updated_at) values (49, 'aliquet massa id lobortis convallis', 'sagittis nam congue risus semper porta volutpat', 'quisque arcu libero', 'kgotcher1c', '2021-12-09', '2020-11-22');
insert into Article (id, title, content, hashtag, user_id, created_at, updated_at) values (50, 'donec posuere metus vitae', 'in hac habitasse platea dictumst etiam faucibus', 'tristique fusce congue', 'mseadon1d', '2020-08-20', '2021-03-26');
insert into Article (id, title, content, hashtag, user_id, created_at, updated_at) values (51, 'sem mauris laoreet ut rhoncus aliquet pulvinar', 'interdum venenatis turpis enim', 'odio consequat varius integer ac', 'hpenrice1e', '2021-05-03', '2021-04-13');
insert into Article (id, title, content, hashtag, user_id, created_at, updated_at) values (52, 'et commodo vulputate justo in blandit ultrices', 'nulla eget eros elementum pellentesque quisque', 'cursus', 'gheyball1f', '2022-08-28', '2022-01-24');
insert into Article (id, title, content, hashtag, user_id, created_at, updated_at) values (53, 'leo rhoncus sed vestibulum sit amet', 'sodales sed tincidunt eu felis fusce posuere felis', 'quisque', 'hinchan1g', '2022-02-18', '2021-03-31');
insert into Article (id, title, content, hashtag, user_id, created_at, updated_at) values (54, 'primis in faucibus orci', 'primis in faucibus orci luctus et ultrices posuere cubilia curae', 'eget massa tempor convallis', 'rloblie1h', '2021-02-08', '2022-01-13');
insert into Article (id, title, content, hashtag, user_id, created_at, updated_at) values (55, 'et commodo vulputate justo in blandit', 'ac enim in', 'in faucibus orci luctus et', 'etrembley1i', '2022-05-21', '2020-04-03');
insert into Article (id, title, content, hashtag, user_id, created_at, updated_at) values (56, 'libero', 'odio in hac habitasse platea dictumst maecenas ut massa', 'ultrices posuere cubilia curae', 'ryves1j', '2021-12-19', '2022-06-09');
insert into Article (id, title, content, hashtag, user_id, created_at, updated_at) values (57, 'vulputate elementum nullam varius nulla facilisi cras non velit nec', 'dolor vel est donec odio justo sollicitudin ut suscipit', 'quis tortor id', 'mkinastan1k', '2022-12-24', '2020-03-28');
insert into Article (id, title, content, hashtag, user_id, created_at, updated_at) values (58, 'mus vivamus vestibulum sagittis sapien cum sociis', 'pulvinar sed', 'sociis natoque penatibus et', 'ptucknutt1l', '2021-09-19', '2019-12-13');
insert into Article (id, title, content, hashtag, user_id, created_at, updated_at) values (59, 'a odio in hac habitasse platea dictumst maecenas ut', 'ante ipsum primis in faucibus orci luctus', 'sed ante vivamus', 'bamori1m', '2021-02-21', '2021-03-10');
insert into Article (id, title, content, hashtag, user_id, created_at, updated_at) values (60, 'aliquet ultrices erat tortor sollicitudin mi sit amet lobortis sapien', 'augue vestibulum', 'quis orci eget orci vehicula', 'kkayne1n', '2022-02-19', '2022-03-14');
insert into Article (id, title, content, hashtag, user_id, created_at, updated_at) values (61, 'convallis morbi odio odio elementum', 'pellentesque eget', 'elementum', 'dnorthill1o', '2020-04-18', '2021-08-16');
insert into Article (id, title, content, hashtag, user_id, created_at, updated_at) values (62, 'sapien cursus vestibulum proin eu mi nulla ac', 'dolor vel', 'gravida sem', 'pglyde1p', '2022-05-26', '2022-10-14');
insert into Article (id, title, content, hashtag, user_id, created_at, updated_at) values (63, 'accumsan felis ut', 'id nulla ultrices aliquet maecenas', 'nunc rhoncus', 'tstarbeck1q', '2020-01-21', '2022-04-01');
insert into Article (id, title, content, hashtag, user_id, created_at, updated_at) values (64, 'ante vivamus tortor duis mattis egestas metus aenean fermentum donec', 'ultrices phasellus id sapien in sapien', 'tincidunt nulla mollis', 'lgateman1r', '2020-02-02', '2021-03-28');
insert into Article (id, title, content, hashtag, user_id, created_at, updated_at) values (65, 'lectus pellentesque at nulla suspendisse potenti cras in', 'vestibulum aliquet', 'cum', 'kdrain1s', '2022-01-17', '2021-09-29');
insert into Article (id, title, content, hashtag, user_id, created_at, updated_at) values (66, 'porttitor lorem id ligula suspendisse ornare consequat lectus in', 'praesent blandit', 'quam pharetra magna ac', 'gridwood1t', '2021-10-23', '2022-01-15');
insert into Article (id, title, content, hashtag, user_id, created_at, updated_at) values (67, 'vulputate luctus cum sociis natoque', 'nibh in hac habitasse', 'vestibulum ante', 'fgilpin1u', '2021-08-19', '2019-12-26');
insert into Article (id, title, content, hashtag, user_id, created_at, updated_at) values (68, 'eget vulputate ut ultrices vel augue', 'vehicula consequat morbi', 'lorem integer tincidunt', 'gginner1v', '2020-09-02', '2021-07-16');
insert into Article (id, title, content, hashtag, user_id, created_at, updated_at) values (69, 'praesent lectus vestibulum quam sapien varius ut', 'et tempus semper', 'posuere cubilia curae duis faucibus', 'chubback1w', '2022-12-19', '2021-03-02');
insert into Article (id, title, content, hashtag, user_id, created_at, updated_at) values (70, 'pellentesque quisque porta volutpat erat quisque', 'et magnis dis parturient', 'justo sollicitudin', 'ooland1x', '2022-10-19', '2021-03-14');
insert into Article (id, title, content, hashtag, user_id, created_at, updated_at) values (71, 'sit amet diam in magna', 'posuere metus vitae ipsum aliquam non mauris', 'lobortis ligula sit amet', 'psnoad1y', '2022-12-19', '2020-03-08');
insert into Article (id, title, content, hashtag, user_id, created_at, updated_at) values (72, 'viverra', 'vestibulum ante ipsum primis in', 'quam', 'kbischof1z', '2023-01-10', '2021-01-13');
insert into Article (id, title, content, hashtag, user_id, created_at, updated_at) values (73, 'pulvinar nulla pede ullamcorper', 'morbi non quam nec dui luctus rutrum nulla tellus in', 'ullamcorper purus sit amet nulla', 'ctippetts20', '2021-09-02', '2020-10-21');
insert into Article (id, title, content, hashtag, user_id, created_at, updated_at) values (74, 'pellentesque quisque porta volutpat erat quisque', 'feugiat non pretium quis lectus', 'dui vel sem sed sagittis', 'esaleway21', '2022-01-17', '2021-05-17');
insert into Article (id, title, content, hashtag, user_id, created_at, updated_at) values (75, 'justo pellentesque', 'augue vel', 'vestibulum velit id pretium', 'lgarett22', '2020-01-30', '2023-01-07');
insert into Article (id, title, content, hashtag, user_id, created_at, updated_at) values (76, 'nisi at nibh in hac', 'lacinia erat vestibulum sed magna at nunc commodo placerat', 'in quam fringilla rhoncus', 'elines23', '2021-09-08', '2021-03-05');
insert into Article (id, title, content, hashtag, user_id, created_at, updated_at) values (77, 'fusce consequat nulla nisl nunc nisl duis bibendum felis', 'tortor', 'lorem quisque ut', 'espillett24', '2022-12-07', '2022-12-01');
insert into Article (id, title, content, hashtag, user_id, created_at, updated_at) values (78, 'massa volutpat convallis morbi odio odio', 'auctor sed', 'tortor quis turpis sed ante', 'dhuncoot25', '2022-04-17', '2022-10-19');
insert into Article (id, title, content, hashtag, user_id, created_at, updated_at) values (79, 'turpis eget elit sodales scelerisque', 'eget elit sodales scelerisque mauris sit amet', 'pede libero quis orci nullam', 'mbolin26', '2020-09-30', '2020-09-01');
insert into Article (id, title, content, hashtag, user_id, created_at, updated_at) values (80, 'nulla suspendisse potenti cras in purus eu magna vulputate', 'aliquam erat volutpat in congue', 'non velit donec diam neque', 'cvonoertzen27', '2022-05-28', '2022-09-13');
insert into Article (id, title, content, hashtag, user_id, created_at, updated_at) values (81, 'ridiculus mus vivamus vestibulum sagittis sapien cum sociis', 'mauris non', 'aenean sit amet justo', 'gcaser28', '2022-09-15', '2020-09-22');
insert into Article (id, title, content, hashtag, user_id, created_at, updated_at) values (82, 'ornare', 'sem sed sagittis nam congue risus semper porta volutpat', 'nulla tellus', 'hbutlin29', '2019-12-09', '2020-08-13');
insert into Article (id, title, content, hashtag, user_id, created_at, updated_at) values (83, 'amet sem fusce consequat nulla nisl nunc', 'mauris vulputate elementum nullam varius nulla facilisi', 'varius nulla facilisi cras non', 'ajessard2a', '2021-10-02', '2021-06-12');
insert into Article (id, title, content, hashtag, user_id, created_at, updated_at) values (84, 'consequat ut nulla sed accumsan felis', 'tortor risus dapibus augue vel accumsan tellus', 'nisi', 'kgolson2b', '2020-08-12', '2019-12-06');
insert into Article (id, title, content, hashtag, user_id, created_at, updated_at) values (85, 'dolor morbi vel lectus in quam fringilla rhoncus', 'vivamus vestibulum', 'nullam sit amet', 'dcudby2c', '2021-07-27', '2020-02-23');
insert into Article (id, title, content, hashtag, user_id, created_at, updated_at) values (86, 'lacinia erat vestibulum sed', 'purus', 'nullam', 'soubridge2d', '2022-05-15', '2019-12-20');
insert into Article (id, title, content, hashtag, user_id, created_at, updated_at) values (87, 'nam nulla integer pede justo lacinia eget tincidunt eget', 'id justo sit', 'nulla ut erat id', 'rmasic2e', '2021-07-28', '2020-10-19');
insert into Article (id, title, content, hashtag, user_id, created_at, updated_at) values (88, 'consequat nulla nisl nunc nisl', 'risus praesent lectus vestibulum quam sapien varius', 'sit amet lobortis sapien sapien', 'mdarlasson2f', '2021-08-20', '2021-05-06');
insert into Article (id, title, content, hashtag, user_id, created_at, updated_at) values (89, 'pellentesque ultrices mattis odio', 'nulla quisque arcu libero rutrum ac lobortis', 'dapibus dolor vel', 'gsothcott2g', '2022-08-04', '2021-07-02');
insert into Article (id, title, content, hashtag, user_id, created_at, updated_at) values (90, 'morbi porttitor', 'platea dictumst maecenas ut massa quis augue luctus', 'quam sollicitudin vitae consectetuer eget', 'swoodyatt2h', '2022-02-16', '2020-07-24');
insert into Article (id, title, content, hashtag, user_id, created_at, updated_at) values (91, 'id turpis integer aliquet massa id', 'metus aenean fermentum donec ut mauris', 'lobortis vel', 'ibenazet2i', '2021-08-17', '2020-10-05');
insert into Article (id, title, content, hashtag, user_id, created_at, updated_at) values (92, 'orci luctus', 'nisl duis bibendum felis sed', 'nulla suscipit ligula in', 'bdubble2j', '2022-07-09', '2022-10-05');
insert into Article (id, title, content, hashtag, user_id, created_at, updated_at) values (93, 'eget nunc donec quis orci eget orci', 'lacus morbi sem mauris', 'aliquet', 'ifeely2k', '2020-03-16', '2021-05-19');
insert into Article (id, title, content, hashtag, user_id, created_at, updated_at) values (94, 'nibh in lectus pellentesque', 'amet justo morbi', 'nibh in lectus pellentesque', 'mcrotty2l', '2022-12-09', '2021-09-14');
insert into Article (id, title, content, hashtag, user_id, created_at, updated_at) values (95, 'sem fusce consequat nulla', 'in faucibus orci luctus et ultrices posuere cubilia', 'eros vestibulum', 'esuddaby2m', '2020-11-26', '2022-10-06');
insert into Article (id, title, content, hashtag, user_id, created_at, updated_at) values (96, 'libero quis orci', 'nulla neque libero', 'sed vel enim sit amet', 'rcraufurd2n', '2021-04-21', '2021-03-20');
insert into Article (id, title, content, hashtag, user_id, created_at, updated_at) values (97, 'a suscipit nulla elit ac nulla sed vel enim', 'erat', 'ultrices erat tortor', 'aallaway2o', '2022-05-25', '2021-11-02');
insert into Article (id, title, content, hashtag, user_id, created_at, updated_at) values (98, 'eu tincidunt', 'metus', 'ante ipsum primis in', 'istaves2p', '2022-01-08', '2022-02-21');
insert into Article (id, title, content, hashtag, user_id, created_at, updated_at) values (99, 'donec dapibus', 'lacus curabitur at ipsum ac tellus semper interdum mauris ullamcorper', 'id', 'bkisby2q', '2022-01-25', '2020-01-03');
insert into Article (id, title, content, hashtag, user_id, created_at, updated_at) values (100, 'nullam orci pede venenatis non sodales sed', 'sem mauris laoreet ut rhoncus', 'posuere felis', 'eborres2r', '2022-05-11', '2020-05-05');


insert into Article_comment (id, content, article_id, user_id, created_at, updated_at) values (101, 'auctor sed tristique in tempus sit amet', 101, 'volutpat eleifend', '2021-04-29', '2022-02-03');
insert into Article_comment (id, content, article_id, user_id, created_at, updated_at) values (102, 'nunc donec quis orci eget orci vehicula condimentum', 102, 'sgazey1', '2022-10-18', '2022-09-19');
insert into Article_comment (id, content, article_id, user_id, created_at, updated_at) values (103, 'luctus rutrum nulla tellus', 103, 'lpeealess2', '2021-03-16', '2020-03-18');
insert into Article_comment (id, content, article_id, user_id, created_at, updated_at) values (4, 'ultrices posuere cubilia curae mauris viverra diam vitae quam', 4, 'efrankish3', '2022-05-27', '2021-10-07');
insert into Article_comment (id, content, article_id, user_id, created_at, updated_at) values (5, 'mus etiam vel augue vestibulum rutrum rutrum neque aenean auctor', 5, 'ekewish4', '2021-01-14', '2020-04-08');
insert into Article_comment (id, content, article_id, user_id, created_at, updated_at) values (6, 'pellentesque ultrices', 6, 'asprey5', '2022-11-23', '2021-12-24');
insert into Article_comment (id, content, article_id, user_id, created_at, updated_at) values (7, 'magna ac consequat metus sapien ut', 7, 'slamey6', '2020-11-05', '2022-06-29');
insert into Article_comment (id, content, article_id, user_id, created_at, updated_at) values (8, 'ac est lacinia nisi venenatis', 8, 'pboliver7', '2021-01-07', '2021-11-27');
insert into Article_comment (id, content, article_id, user_id, created_at, updated_at) values (9, 'ultricies eu nibh quisque id justo', 9, 'hgirsch8', '2021-03-03', '2020-09-08');
insert into Article_comment (id, content, article_id, user_id, created_at, updated_at) values (10, 'luctus et ultrices posuere cubilia curae', 10, 'ccoopman9', '2020-03-28', '2022-12-09');
insert into Article_comment (id, content, article_id, user_id, created_at, updated_at) values (11, 'eget nunc donec quis orci eget orci vehicula', 11, 'gruzeka', '2020-09-24', '2020-07-21');
insert into Article_comment (id, content, article_id, user_id, created_at, updated_at) values (12, 'sapien', 12, 'mebbettb', '2022-04-19', '2020-03-22');
insert into Article_comment (id, content, article_id, user_id, created_at, updated_at) values (13, 'maecenas tristique est et tempus semper', 13, 'mgolbournc', '2022-09-03', '2022-08-22');
insert into Article_comment (id, content, article_id, user_id, created_at, updated_at) values (14, 'mauris vulputate elementum nullam varius nulla facilisi', 14, 'gupsaled', '2022-01-05', '2021-05-20');
insert into Article_comment (id, content, article_id, user_id, created_at, updated_at) values (15, 'sed justo pellentesque viverra', 15, 'jhamertone', '2022-09-02', '2021-02-28');
insert into Article_comment (id, content, article_id, user_id, created_at, updated_at) values (16, 'ante vivamus tortor duis', 16, 'sjarrettef', '2021-02-03', '2020-05-24');
insert into Article_comment (id, content, article_id, user_id, created_at, updated_at) values (17, 'lobortis vel dapibus at diam nam tristique tortor eu pede', 17, 'wmurrellsg', '2022-05-14', '2021-10-05');
insert into Article_comment (id, content, article_id, user_id, created_at, updated_at) values (18, 'dis parturient montes nascetur ridiculus mus etiam vel augue', 18, 'jfelthamh', '2021-12-25', '2020-03-01');
insert into Article_comment (id, content, article_id, user_id, created_at, updated_at) values (19, 'donec', 19, 'sbamletti', '2020-05-09', '2019-12-07');
insert into Article_comment (id, content, article_id, user_id, created_at, updated_at) values (20, 'congue eget semper rutrum nulla nunc purus phasellus in', 20, 'amilehamj', '2022-07-16', '2021-06-01');
insert into Article_comment (id, content, article_id, user_id, created_at, updated_at) values (21, 'ut nunc vestibulum ante ipsum primis in faucibus orci', 21, 'epopleek', '2021-05-01', '2022-11-30');
insert into Article_comment (id, content, article_id, user_id, created_at, updated_at) values (22, 'pellentesque eget nunc donec quis orci eget orci vehicula condimentum', 22, 'sbarettel', '2021-04-25', '2022-09-07');
insert into Article_comment (id, content, article_id, user_id, created_at, updated_at) values (23, 'massa id nisl venenatis lacinia aenean sit amet', 23, 'kilbertm', '2022-03-11', '2020-03-09');
insert into Article_comment (id, content, article_id, user_id, created_at, updated_at) values (24, 'volutpat sapien arcu sed augue aliquam erat volutpat in congue', 24, 'bbendtsenn', '2020-08-05', '2022-09-25');
insert into Article_comment (id, content, article_id, user_id, created_at, updated_at) values (25, 'elementum', 25, 'gclynmanso', '2022-09-21', '2023-01-07');
insert into Article_comment (id, content, article_id, user_id, created_at, updated_at) values (26, 'vel augue vestibulum rutrum rutrum neque aenean auctor', 26, 'vsidnellp', '2022-03-16', '2021-06-16');
insert into Article_comment (id, content, article_id, user_id, created_at, updated_at) values (27, 'odio justo sollicitudin ut suscipit a feugiat et', 27, 'ghardemanq', '2020-06-01', '2022-07-01');
insert into Article_comment (id, content, article_id, user_id, created_at, updated_at) values (28, 'aenean auctor gravida sem praesent', 28, 'dlamymanr', '2020-02-28', '2020-02-05');
insert into Article_comment (id, content, article_id, user_id, created_at, updated_at) values (29, 'vulputate justo in blandit ultrices enim lorem ipsum dolor', 29, 'iingamellss', '2022-01-06', '2021-04-19');
insert into Article_comment (id, content, article_id, user_id, created_at, updated_at) values (30, 'aliquet at', 30, 'zloidlt', '2020-09-27', '2021-07-03');
insert into Article_comment (id, content, article_id, user_id, created_at, updated_at) values (31, 'mus', 31, 'odunbletonu', '2021-06-11', '2020-03-08');
insert into Article_comment (id, content, article_id, user_id, created_at, updated_at) values (32, 'vestibulum vestibulum ante ipsum primis in faucibus orci', 32, 'nhinstridgev', '2022-10-10', '2021-09-18');
insert into Article_comment (id, content, article_id, user_id, created_at, updated_at) values (33, 'hac habitasse platea dictumst maecenas ut massa quis augue luctus', 33, 'grevittw', '2020-06-17', '2022-09-16');
insert into Article_comment (id, content, article_id, user_id, created_at, updated_at) values (34, 'blandit ultrices enim lorem ipsum', 34, 'cbeaglesx', '2023-01-01', '2021-10-07');
insert into Article_comment (id, content, article_id, user_id, created_at, updated_at) values (35, 'ligula suspendisse ornare', 35, 'dwishamy', '2020-02-04', '2022-05-18');
insert into Article_comment (id, content, article_id, user_id, created_at, updated_at) values (36, 'morbi quis', 36, 'tgianneschiz', '2022-06-04', '2021-07-19');
insert into Article_comment (id, content, article_id, user_id, created_at, updated_at) values (37, 'amet turpis elementum ligula vehicula consequat morbi a ipsum', 37, 'mrussen10', '2022-03-22', '2022-04-08');
insert into Article_comment (id, content, article_id, user_id, created_at, updated_at) values (38, 'curabitur convallis duis consequat dui nec nisi volutpat eleifend donec', 38, 'rpadginton11', '2022-04-24', '2019-12-07');
insert into Article_comment (id, content, article_id, user_id, created_at, updated_at) values (39, 'dignissim vestibulum vestibulum ante ipsum primis in', 39, 'ebeville12', '2023-01-10', '2020-07-09');
insert into Article_comment (id, content, article_id, user_id, created_at, updated_at) values (40, 'dolor sit amet consectetuer adipiscing elit proin risus praesent', 40, 'rkenealy13', '2020-06-23', '2021-01-09');
insert into Article_comment (id, content, article_id, user_id, created_at, updated_at) values (41, 'nulla neque libero convallis eget eleifend luctus ultricies', 41, 'sbambridge14', '2022-05-12', '2023-01-07');
insert into Article_comment (id, content, article_id, user_id, created_at, updated_at) values (42, 'pede ac diam', 42, 'jmaystone15', '2020-10-17', '2022-10-09');
insert into Article_comment (id, content, article_id, user_id, created_at, updated_at) values (43, 'sagittis nam congue risus semper porta volutpat quam', 43, 'aessex16', '2023-01-06', '2021-09-16');
insert into Article_comment (id, content, article_id, user_id, created_at, updated_at) values (44, 'quisque id', 44, 'glinfitt17', '2021-02-10', '2019-12-27');
insert into Article_comment (id, content, article_id, user_id, created_at, updated_at) values (45, 'enim in tempor turpis nec', 45, 'mcorter18', '2020-12-25', '2021-09-14');
insert into Article_comment (id, content, article_id, user_id, created_at, updated_at) values (46, 'nec nisi volutpat eleifend donec ut dolor', 46, 'tiwanowicz19', '2021-02-10', '2022-08-26');
insert into Article_comment (id, content, article_id, user_id, created_at, updated_at) values (47, 'ligula pellentesque ultrices phasellus', 47, 'bshapcott1a', '2019-12-18', '2020-09-29');
insert into Article_comment (id, content, article_id, user_id, created_at, updated_at) values (48, 'vel est donec odio justo sollicitudin', 48, 'rrayer1b', '2020-09-11', '2020-04-03');
insert into Article_comment (id, content, article_id, user_id, created_at, updated_at) values (49, 'posuere cubilia curae nulla dapibus', 49, 'kgotcher1c', '2022-12-23', '2020-05-14');
insert into Article_comment (id, content, article_id, user_id, created_at, updated_at) values (50, 'convallis tortor risus dapibus augue', 50, 'mseadon1d', '2020-05-31', '2022-04-14');
insert into Article_comment (id, content, article_id, user_id, created_at, updated_at) values (51, 'bibendum felis sed interdum venenatis turpis enim', 51, 'hpenrice1e', '2021-08-09', '2023-01-12');
insert into Article_comment (id, content, article_id, user_id, created_at, updated_at) values (52, 'integer ac leo pellentesque ultrices', 52, 'gheyball1f', '2022-07-19', '2022-11-12');
insert into Article_comment (id, content, article_id, user_id, created_at, updated_at) values (53, 'ut massa volutpat convallis morbi odio odio elementum', 53, 'hinchan1g', '2022-05-19', '2021-09-17');
insert into Article_comment (id, content, article_id, user_id, created_at, updated_at) values (54, 'sit amet', 54, 'rloblie1h', '2020-03-31', '2021-02-13');
insert into Article_comment (id, content, article_id, user_id, created_at, updated_at) values (55, 'nulla nisl nunc nisl duis bibendum felis sed interdum', 55, 'etrembley1i', '2020-07-07', '2020-10-11');
insert into Article_comment (id, content, article_id, user_id, created_at, updated_at) values (56, 'ligula', 56, 'ryves1j', '2021-09-14', '2022-07-07');
insert into Article_comment (id, content, article_id, user_id, created_at, updated_at) values (57, 'consequat in consequat ut', 57, 'mkinastan1k', '2022-04-20', '2022-09-14');
insert into Article_comment (id, content, article_id, user_id, created_at, updated_at) values (58, 'lorem', 58, 'ptucknutt1l', '2021-08-19', '2020-07-26');
insert into Article_comment (id, content, article_id, user_id, created_at, updated_at) values (59, 'eu orci mauris lacinia sapien quis libero', 59, 'bamori1m', '2021-11-08', '2020-01-07');
insert into Article_comment (id, content, article_id, user_id, created_at, updated_at) values (60, 'sit amet', 60, 'kkayne1n', '2020-05-22', '2021-11-12');
insert into Article_comment (id, content, article_id, user_id, created_at, updated_at) values (61, 'lobortis vel dapibus at', 61, 'dnorthill1o', '2021-12-12', '2021-04-12');
insert into Article_comment (id, content, article_id, user_id, created_at, updated_at) values (62, 'convallis', 62, 'pglyde1p', '2023-01-04', '2021-11-13');
insert into Article_comment (id, content, article_id, user_id, created_at, updated_at) values (63, 'purus eu magna vulputate luctus cum sociis natoque penatibus et', 63, 'tstarbeck1q', '2022-02-09', '2022-02-23');
insert into Article_comment (id, content, article_id, user_id, created_at, updated_at) values (64, 'integer non velit donec diam neque vestibulum eget', 64, 'lgateman1r', '2021-01-02', '2021-09-19');
insert into Article_comment (id, content, article_id, user_id, created_at, updated_at) values (65, 'lobortis ligula sit amet', 65, 'kdrain1s', '2021-02-16', '2022-11-18');
insert into Article_comment (id, content, article_id, user_id, created_at, updated_at) values (66, 'maecenas tincidunt lacus at velit', 66, 'gridwood1t', '2021-11-13', '2021-06-24');
insert into Article_comment (id, content, article_id, user_id, created_at, updated_at) values (67, 'ac enim in tempor turpis', 67, 'fgilpin1u', '2021-07-03', '2020-04-20');
insert into Article_comment (id, content, article_id, user_id, created_at, updated_at) values (68, 'quam fringilla rhoncus mauris enim leo rhoncus sed vestibulum', 68, 'gginner1v', '2020-10-21', '2021-01-20');
insert into Article_comment (id, content, article_id, user_id, created_at, updated_at) values (69, 'velit vivamus', 69, 'chubback1w', '2021-04-15', '2020-08-10');
insert into Article_comment (id, content, article_id, user_id, created_at, updated_at) values (70, 'ut odio', 70, 'ooland1x', '2020-12-24', '2021-09-07');
insert into Article_comment (id, content, article_id, user_id, created_at, updated_at) values (71, 'neque aenean auctor', 71, 'psnoad1y', '2021-11-26', '2020-08-28');
insert into Article_comment (id, content, article_id, user_id, created_at, updated_at) values (72, 'nulla', 72, 'kbischof1z', '2021-07-04', '2022-06-18');
insert into Article_comment (id, content, article_id, user_id, created_at, updated_at) values (73, 'rhoncus sed vestibulum sit amet cursus id', 73, 'ctippetts20', '2021-11-17', '2022-10-07');
insert into Article_comment (id, content, article_id, user_id, created_at, updated_at) values (74, 'nunc vestibulum ante ipsum primis in faucibus orci luctus et', 74, 'esaleway21', '2021-06-26', '2020-12-27');
insert into Article_comment (id, content, article_id, user_id, created_at, updated_at) values (75, 'libero nullam sit amet', 75, 'lgarett22', '2021-09-15', '2021-04-28');
insert into Article_comment (id, content, article_id, user_id, created_at, updated_at) values (76, 'augue vel accumsan tellus nisi eu orci mauris lacinia', 76, 'elines23', '2022-01-29', '2021-01-26');
insert into Article_comment (id, content, article_id, user_id, created_at, updated_at) values (77, 'nullam orci pede venenatis non sodales', 77, 'espillett24', '2022-01-04', '2021-07-07');
insert into Article_comment (id, content, article_id, user_id, created_at, updated_at) values (78, 'dui vel sem sed sagittis nam congue risus', 78, 'dhuncoot25', '2023-01-07', '2020-09-27');
insert into Article_comment (id, content, article_id, user_id, created_at, updated_at) values (79, 'pede justo lacinia eget tincidunt eget', 79, 'mbolin26', '2020-09-24', '2022-03-03');
insert into Article_comment (id, content, article_id, user_id, created_at, updated_at) values (80, 'eget semper rutrum nulla nunc purus', 80, 'cvonoertzen27', '2021-09-16', '2020-12-24');
insert into Article_comment (id, content, article_id, user_id, created_at, updated_at) values (81, 'ipsum dolor sit amet consectetuer', 81, 'gcaser28', '2020-06-12', '2020-03-07');
insert into Article_comment (id, content, article_id, user_id, created_at, updated_at) values (82, 'augue', 82, 'hbutlin29', '2021-09-05', '2021-12-05');
insert into Article_comment (id, content, article_id, user_id, created_at, updated_at) values (83, 'massa id lobortis convallis tortor risus dapibus augue', 83, 'ajessard2a', '2022-01-06', '2020-07-10');
insert into Article_comment (id, content, article_id, user_id, created_at, updated_at) values (84, 'pharetra magna vestibulum aliquet ultrices', 84, 'kgolson2b', '2022-09-20', '2022-04-20');
insert into Article_comment (id, content, article_id, user_id, created_at, updated_at) values (85, 'enim in tempor turpis nec euismod scelerisque quam turpis', 85, 'dcudby2c', '2023-01-04', '2021-02-12');
insert into Article_comment (id, content, article_id, user_id, created_at, updated_at) values (86, 'fringilla rhoncus mauris enim leo rhoncus sed', 86, 'soubridge2d', '2022-05-19', '2021-01-23');
insert into Article_comment (id, content, article_id, user_id, created_at, updated_at) values (87, 'accumsan tellus nisi eu orci mauris lacinia sapien quis', 87, 'rmasic2e', '2019-12-21', '2022-12-15');
insert into Article_comment (id, content, article_id, user_id, created_at, updated_at) values (88, 'quis odio consequat varius integer', 88, 'mdarlasson2f', '2020-06-05', '2021-10-26');
insert into Article_comment (id, content, article_id, user_id, created_at, updated_at) values (89, 'quis orci nullam molestie', 89, 'gsothcott2g', '2021-05-10', '2023-01-08');
insert into Article_comment (id, content, article_id, user_id, created_at, updated_at) values (90, 'hac habitasse platea dictumst etiam faucibus cursus urna ut', 90, 'swoodyatt2h', '2021-05-17', '2020-04-29');
insert into Article_comment (id, content, article_id, user_id, created_at, updated_at) values (91, 'morbi vestibulum velit id pretium iaculis diam erat fermentum', 91, 'ibenazet2i', '2020-01-15', '2020-08-30');
insert into Article_comment (id, content, article_id, user_id, created_at, updated_at) values (92, 'erat quisque erat eros viverra eget', 92, 'bdubble2j', '2021-08-05', '2022-03-05');
insert into Article_comment (id, content, article_id, user_id, created_at, updated_at) values (93, 'luctus nec molestie sed justo pellentesque viverra pede', 93, 'ifeely2k', '2021-07-17', '2020-05-23');
insert into Article_comment (id, content, article_id, user_id, created_at, updated_at) values (94, 'sem fusce consequat nulla nisl nunc nisl duis bibendum', 94, 'mcrotty2l', '2021-07-25', '2022-04-26');
insert into Article_comment (id, content, article_id, user_id, created_at, updated_at) values (95, 'sem fusce consequat nulla', 95, 'esuddaby2m', '2022-07-01', '2021-12-30');
insert into Article_comment (id, content, article_id, user_id, created_at, updated_at) values (96, 'ultrices vel augue vestibulum ante ipsum primis in faucibus orci', 96, 'rcraufurd2n', '2021-01-30', '2020-02-10');
insert into Article_comment (id, content, article_id, user_id, created_at, updated_at) values (97, 'nulla integer pede justo lacinia eget tincidunt eget tempus vel', 97, 'aallaway2o', '2022-06-27', '2021-03-30');
insert into Article_comment (id, content, article_id, user_id, created_at, updated_at) values (98, 'ante vel ipsum praesent blandit', 98, 'istaves2p', '2021-12-09', '2022-11-02');
insert into Article_comment (id, content, article_id, user_id, created_at, updated_at) values (99, 'dolor sit amet', 99, 'bkisby2q', '2020-04-12', '2020-08-20');
insert into Article_comment (id, content, article_id, user_id, created_at, updated_at) values (100, 'vitae nisi nam', 100, 'eborres2r', '2020-05-28', '2021-11-30');

